,winner,surface,win_prob
1585,Nadal R.,Clay,0.9087301587301587
25,Alcaraz C.,Grass,0.8888888888888888
655,Federer R.,Grass,0.8779342723004695
539,Djokovic N.,Grass,0.8671875
540,Djokovic N.,Hard,0.8541392904073587
656,Federer R.,Hard,0.8386363636363636
24,Alcaraz C.,Clay,0.821917808219178
196,Berrettini M.,Grass,0.813953488372093
538,Djokovic N.,Clay,0.8103975535168195
1815,Rafter P.,Grass,0.8076923076923077
2444,Youzhny M. ,Hard,0.8
2284,Van Rijthoven T.,Grass,0.8
2244,Tsitsipas S. ,Hard,0.8
1884,Roddick A.,Grass,0.7961165048543689
1958,Sampras P.,Grass,0.7916666666666666
1575,Murray A.,Grass,0.7851851851851852
10,Agassi A.,Hard,0.7837837837837838
1586,Nadal R.,Grass,0.7835051546391752
1595,Nalbandian D.,Carpet,0.7777777777777778
1602,Nargiso D.,Clay,0.7777777777777778
1587,Nadal R.,Hard,0.7740916271721959
958,Hewitt L.,Grass,0.7686567164179104
654,Federer R.,Clay,0.7678571428571429
653,Federer R.,Carpet,0.7666666666666667
2090,Soderling R.,Carpet,0.7586206896551724
1063,Kafelnikov Y.,Carpet,0.7567567567567568
2241,Tsitsipas S.,Clay,0.7560975609756098
1460,Medvedev D.,Hard,0.7507788161993769
2316,Verdasco F. ,Hard,0.75
471,Davydenko N. ,Hard,0.75
541,Djokovic N. ,Hard,0.75
381,Chiudinelli M. ,Hard,0.75
2146,Stepanek R. ,Hard,0.75
162,Bellier A.,Grass,0.75
1573,Murray A.,Carpet,0.75
1885,Roddick A.,Hard,0.7490706319702602
48,Ancic M.,Grass,0.74
1959,Sampras P.,Hard,0.7373737373737373
1576,Murray A.,Hard,0.7365930599369085
26,Alcaraz C.,Hard,0.7272727272727273
100,Baghdatis M.,Carpet,0.7272727272727273
1220,Kuerten G.,Clay,0.7241379310344828
2070,Sinner J.,Hard,0.7235294117647059
2479,Zverev A.,Clay,0.7225433526011561
495,Del Potro J.M.,Hard,0.7219512195121951
670,Ferrero J.C.,Clay,0.7198697068403909
1944,Safin M.,Carpet,0.71875
811,Golubev A.,Carpet,0.7142857142857143
1813,Rafter P.,Carpet,0.7142857142857143
7,Agassi A.,Carpet,0.7142857142857143
1996,Schalken S.,Grass,0.7142857142857143
1741,Philippoussis M.,Grass,0.7111111111111111
388,Cilic M.,Grass,0.7090909090909091
413,Coria G.,Clay,0.7087912087912088
1923,Rusedski G.,Grass,0.7068965517241379
1556,Moya C.,Clay,0.7048611111111112
1913,Rublev A.,Grass,0.7037037037037037
932,Henman T.,Carpet,0.7027027027027027
959,Hewitt L.,Hard,0.7012987012987013
934,Henman T.,Grass,0.7
2151,Stoltenberg J.,Clay,0.7
1821,Ramanathan R.,Grass,0.7
1883,Roddick A.,Clay,0.6979166666666666
1928,Ruud C.,Clay,0.6972972972972973
2194,Thiem D.,Clay,0.6956521739130435
195,Berrettini M.,Clay,0.6956521739130435
1065,Kafelnikov Y.,Grass,0.6956521739130435
1882,Roddick A.,Carpet,0.6944444444444444
664,Ferrer D.,Clay,0.6941964285714286
182,Berdych T.,Grass,0.6938775510204082
1816,Rafter P.,Hard,0.6923076923076923
674,Fils A.,Clay,0.6923076923076923
956,Hewitt L.,Carpet,0.6923076923076923
1597,Nalbandian D.,Grass,0.6904761904761905
9,Agassi A.,Grass,0.6896551724137931
8,Agassi A.,Clay,0.6896551724137931
637,Eubanks C.,Grass,0.6875
138,Bautista Agut R.,Grass,0.6875
205,Black B.,Grass,0.6842105263157895
141,Bautista R.,Grass,0.6842105263157895
2481,Zverev A.,Hard,0.6840390879478827
1623,Nishikori K.,Clay,0.6821192052980133
2247,Tsonga J.W.,Grass,0.6805555555555556
493,Del Potro J.M.,Clay,0.6792452830188679
2248,Tsonga J.W.,Hard,0.6784922394678492
852,Grosjean S.,Grass,0.6774193548387096
86,Auger-Aliassime F.,Grass,0.6764705882352942
823,Gonzalez F.,Clay,0.6761904761904762
1833,Raonic M.,Grass,0.6756756756756757
494,Del Potro J.M.,Grass,0.6730769230769231
1834,Raonic M.,Hard,0.6729222520107239
2068,Sinner J.,Clay,0.671875
756,Gaudio G.,Clay,0.6702898550724637
1912,Rublev A.,Clay,0.67
1574,Murray A.,Clay,0.6688741721854304
2003,Schuettler P.,Clay,0.6666666666666666
1115,Klaasen R.,Grass,0.6666666666666666
685,Flygt K.,Hard,0.6666666666666666
2064,Simon G. ,Hard,0.6666666666666666
2245,Tsonga J.W.,Carpet,0.6666666666666666
682,Flanagan I.,Grass,0.6666666666666666
1163,Korolev E. ,Hard,0.6666666666666666
1034,Jeanpierre J.,Clay,0.6666666666666666
1166,Kotov P.,Grass,0.6666666666666666
2281,Van Der Merwe I.,Grass,0.6666666666666666
1040,Johansson J.,Carpet,0.6666666666666666
180,Berdych T.,Carpet,0.6666666666666666
695,Friedl L.,Clay,0.6666666666666666
657,Federer R. ,Hard,0.6666666666666666
251,Bozoljac I.,Carpet,0.6666666666666666
255,Braasch K.,Grass,0.6666666666666666
885,Haase R.,Carpet,0.6666666666666666
490,Del Potro J.,Clay,0.6666666666666666
1459,Medvedev D.,Grass,0.6666666666666666
1691,Palmer J.,Hard,0.6666666666666666
45,Ancic I.,Grass,0.6666666666666666
1482,Mensik J.,Hard,0.6666666666666666
1489,Michelsen A.,Grass,0.6666666666666666
1669,Olivieri G.,Clay,0.6666666666666666
1662,Ojeda Lara R.,Hard,0.6666666666666666
1503,Miranda I.,Grass,0.6666666666666666
467,Davydenko N.,Carpet,0.6666666666666666
390,Cilic M. ,Hard,0.6666666666666666
398,Clemens T.,Hard,0.6666666666666666
458,Darcis S.,Carpet,0.6666666666666666
1534,Montanes A. ,Hard,0.6666666666666666
1559,Mpetshi G.,Hard,0.6666666666666666
1588,Nadal R. ,Hard,0.6666666666666666
491,Del Potro J. M.,Clay,0.6666666666666666
748,Gasquet R. ,Hard,0.6666666666666666
1399,Marozsan F.,Clay,0.6666666666666666
2295,Varlet J.,Carpet,0.6666666666666666
1809,Quiroz R.,Hard,0.6666666666666666
740,Garcia-Lopez G. ,Hard,0.6666666666666666
546,Dodig I.,Carpet,0.6666666666666666
2303,Veic A.,Carpet,0.6666666666666666
1234,Kutrovsky D.,Hard,0.6666666666666666
2391,Wawrinka S. ,Hard,0.6666666666666666
717,Galan D.,Clay,0.6666666666666666
1871,Robredo T. ,Hard,0.6666666666666666
84,Auckland J.,Hard,0.6666666666666666
2318,Verkerk M.,Carpet,0.6666666666666666
960,Hijikata R.,Grass,0.6666666666666666
1868,Robredo T.,Clay,0.6649214659685864
1625,Nishikori K.,Hard,0.664179104477612
202,Bjorkman J.,Grass,0.6623376623376623
957,Hewitt L.,Clay,0.6610169491525424
1860,Rios M.,Hard,0.6601941747572816
290,Bublik A.,Grass,0.6590909090909091
935,Henman T.,Hard,0.6573705179282868
1096,Khachanov K.,Grass,0.6571428571428571
1253,Kyrgios N.,Hard,0.6568627450980392
1921,Rusedski G.,Carpet,0.6551724137931034
1596,Nalbandian D.,Clay,0.6544502617801047
1529,Monfils G.,Hard,0.6540642722117203
2397,Wessels P.,Grass,0.6521739130434783
1321,Ljubicic I.,Carpet,0.6521739130434783
627,Escude N.,Hard,0.6509433962264151
183,Berdych T.,Hard,0.6506849315068494
2119,Srichaphan P.,Carpet,0.65
30,Almagro N.,Clay,0.6497584541062802
746,Gasquet R.,Grass,0.6491228070175439
2388,Wawrinka S.,Clay,0.6482758620689655
1066,Kafelnikov Y.,Hard,0.6473988439306358
2480,Zverev A.,Grass,0.6470588235294118
1006,Isner J.,Grass,0.6455696202531646
626,Escude N.,Grass,0.6428571428571429
1252,Kyrgios N.,Grass,0.6415094339622641
2093,Soderling R.,Hard,0.640926640926641
2243,Tsitsipas S.,Hard,0.6403162055335968
1832,Raonic M.,Clay,0.6391752577319587
680,Fish M.,Grass,0.6388888888888888
1598,Nalbandian D.,Hard,0.6387832699619772
671,Ferrero J.C.,Grass,0.6382978723404256
1400,Marozsan F.,Hard,0.6363636363636364
1779,Prinosil D.,Carpet,0.6363636363636364
412,Coria G.,Carpet,0.6363636363636364
389,Cilic M.,Hard,0.6361867704280155
666,Ferrer D.,Hard,0.6358490566037736
1914,Rublev A.,Hard,0.6357388316151202
420,Corretja A.,Clay,0.635593220338983
884,Haas T.,Hard,0.6346604215456675
1802,Querrey S.,Grass,0.6341463414634146
1375,Malisse X.,Grass,0.6329113924050633
1637,Norrie C.,Clay,0.6329113924050633
213,Blake J.,Hard,0.6328502415458938
1183,Krajicek R.,Grass,0.631578947368421
1017,Ivanisevic G.,Grass,0.631578947368421
1918,Rune H.,Clay,0.631578947368421
1757,Popp A.,Grass,0.631578947368421
744,Gasquet R.,Carpet,0.631578947368421
1222,Kuerten G.,Hard,0.6304347826086957
1230,Kunitsyn I.,Carpet,0.6296296296296297
313,Canas G.,Grass,0.6285714285714286
482,De Minaur A.,Hard,0.6285714285714286
824,Gonzalez F.,Grass,0.6285714285714286
87,Auger-Aliassime F.,Hard,0.6276595744680851
2390,Wawrinka S.,Hard,0.627254509018036
1079,Karlovic I.,Grass,0.6271186440677966
665,Ferrer D.,Grass,0.6268656716417911
1335,Lopez F.,Grass,0.6258992805755396
335,Carreno Busta P.,Hard,0.625615763546798
46,Ancic M.,Carpet,0.625
992,Hurkacz H.,Grass,0.625
883,Haas T.,Grass,0.625
270,Brouwer G.,Clay,0.625
1578,Musetti L.,Clay,0.625
357,Cervenak P.,Clay,0.625
1949,Safiullin R.,Grass,0.625
2339,Vinciguerra A.,Carpet,0.625
1046,Johansson T.,Grass,0.625
1945,Safin M.,Clay,0.624113475177305
1007,Isner J.,Hard,0.6238532110091743
181,Berdych T.,Clay,0.6238095238095238
1043,Johansson J.,Hard,0.6222222222222222
1515,Molcan A.,Clay,0.6222222222222222
1044,Johansson T.,Carpet,0.6216216216216216
660,Ferreira W.,Grass,0.6206896551724138
1368,Mahut N.,Grass,0.6203703703703703
1636,Norman M.,Hard,0.6203703703703703
597,El Aynaoui Y.,Clay,0.6198347107438017
1780,Prinosil D.,Grass,0.6190476190476191
386,Cilic M.,Carpet,0.6190476190476191
1946,Safin M.,Grass,0.6190476190476191
52,Anderson K.,Grass,0.618421052631579
1522,Monaco J.,Clay,0.6179775280898876
741,Garin C.,Clay,0.6173913043478261
139,Bautista Agut R.,Hard,0.6170212765957447
269,Brooksby J.,Hard,0.6166666666666667
1947,Safin M.,Hard,0.6161616161616161
1182,Krajicek R.,Clay,0.6153846153846154
43,Amritraj P.,Grass,0.6153846153846154
1025,Janowicz J.,Grass,0.6153846153846154
65,Arazi H.,Carpet,0.6153846153846154
492,Del Potro J.M.,Carpet,0.6153846153846154
1324,Ljubicic I.,Hard,0.613941018766756
314,Canas G.,Hard,0.6137931034482759
993,Hurkacz H.,Hard,0.6137566137566137
312,Canas G.,Clay,0.6130952380952381
2440,Youzhny M.,Carpet,0.6129032258064516
1644,Novak J.,Clay,0.6129032258064516
1974,Santoro F.,Grass,0.6119402985074627
1286,Larsson M.,Hard,0.6111111111111112
2126,Stakhovsky S.,Carpet,0.6111111111111112
468,Davydenko N.,Clay,0.6109215017064846
481,De Minaur A.,Grass,0.6097560975609756
333,Carreno Busta P.,Clay,0.6090225563909775
533,Dimitrov G.,Hard,0.6089887640449438
1416,Martin T.,Grass,0.6086956521739131
1158,Korda S.,Hard,0.6078431372549019
97,Baez S.,Clay,0.6060606060606061
423,Costa A.,Clay,0.6052631578947368
566,Draper J.,Hard,0.6046511627906976
2092,Soderling R.,Grass,0.6046511627906976
825,Gonzalez F.,Hard,0.6032388663967612
534,Djere L.,Clay,0.6014492753623188
387,Cilic M.,Clay,0.6009615384615384
1732,Peya A.,Carpet,0.6
719,Galan D.E.,Grass,0.6
848,Griekspoor T.,Grass,0.6
894,Haehnel J.,Hard,0.6
647,Falla A.,Carpet,0.6
147,Beck K.,Carpet,0.6
1157,Korda S.,Grass,0.6
511,Dent T.,Carpet,0.6
159,Behrend T.,Carpet,0.6
1221,Kuerten G.,Grass,0.6
1181,Krajicek R.,Carpet,0.6
1439,Mayer F.,Grass,0.6
1128,Knippschild J.,Grass,0.6
1381,Mannarino A.,Grass,0.6
750,Gaston H.,Grass,0.6
369,Chela J.,Clay,0.6
881,Haas T.,Carpet,0.6
2069,Sinner J.,Grass,0.6
1219,Kuerten G.,Carpet,0.6
2428,Yani M.,Grass,0.6
1509,Misolic F.,Clay,0.6
2197,Thiem D. ,Hard,0.6
6,Agamenone F.,Clay,0.6
1027,Jarry N.,Clay,0.5977011494252874
2313,Verdasco F.,Clay,0.5974025974025974
2144,Stepanek R.,Grass,0.5972222222222222
747,Gasquet R.,Hard,0.5961538461538461
851,Grosjean S.,Clay,0.5959595959595959
745,Gasquet R.,Clay,0.5955056179775281
699,Fritz T.,Hard,0.5955056179775281
308,Calleri A.,Clay,0.5952380952380952
1920,Rune H.,Hard,0.5949367088607594
142,Bautista R.,Hard,0.5945945945945946
2142,Stepanek R.,Carpet,0.5945945945945946
1328,Llodra M.,Grass,0.5945945945945946
1558,Moya C.,Hard,0.594488188976378
1145,Kohlschreiber P.,Grass,0.594059405940594
1624,Nishikori K.,Grass,0.59375
681,Fish M.,Hard,0.592797783933518
822,Gonzalez F.,Carpet,0.5925925925925926
2196,Thiem D.,Hard,0.5917602996254682
2091,Soderling R.,Clay,0.5916666666666667
140,Bautista R.,Clay,0.5892857142857143
1646,Novak J.,Hard,0.5888888888888889
1794,Puerta M.,Clay,0.5887096774193549
1679,Otte O.,Grass,0.5882352941176471
2246,Tsonga J.W.,Clay,0.5877862595419847
1251,Kyrgios N.,Clay,0.5869565217391305
53,Anderson K.,Hard,0.58679706601467
882,Haas T.,Clay,0.5864197530864198
1100,Kiefer N.,Carpet,0.5862068965517241
531,Dimitrov G.,Clay,0.5859872611464968
2122,Srichaphan P.,Hard,0.5857142857142857
2324,Vesely J.,Grass,0.5853658536585366
2045,Shelton B.,Hard,0.5853658536585366
1743,Pioline C.,Clay,0.5853658536585366
1527,Monfils G.,Clay,0.5844748858447488
933,Henman T.,Clay,0.5844155844155844
1704,Paul T.,Hard,0.5843373493975904
2157,Stricker D.,Hard,0.5833333333333334
565,Draper J.,Grass,0.5833333333333334
1428,Mathieu P.H.,Carpet,0.5833333333333334
1703,Paul T.,Grass,0.5833333333333334
1919,Rune H.,Grass,0.5833333333333334
268,Brooksby J.,Grass,0.5833333333333334
850,Grosjean S.,Carpet,0.5833333333333334
1526,Monfils G.,Carpet,0.5833333333333334
532,Dimitrov G.,Grass,0.5833333333333334
350,Cerundolo F.,Grass,0.5833333333333334
1103,Kiefer N.,Hard,0.5826446280991735
661,Ferreira W.,Hard,0.582089552238806
47,Ancic M.,Clay,0.5818181818181818
2040,Shapovalov D.,Hard,0.5817307692307693
810,Golmard J.,Hard,0.5813953488372093
875,Gustafsson M.,Clay,0.5806451612903226
1654,Odesnik W.,Clay,0.5806451612903226
795,Goffin D.,Clay,0.5804195804195804
371,Chela J.I.,Clay,0.580327868852459
470,Davydenko N.,Hard,0.5800970873786407
4,Acasuso J.,Clay,0.5793991416309013
1775,Pozzi G.,Grass,0.5789473684210527
349,Cerundolo F.,Clay,0.578125
672,Ferrero J.C.,Hard,0.5780730897009967
1095,Khachanov K.,Clay,0.5769230769230769
102,Baghdatis M.,Grass,0.5760869565217391
1639,Norrie C.,Hard,0.5760869565217391
1373,Malisse X.,Carpet,0.5757575757575758
49,Ancic M.,Hard,0.5739644970414202
415,Coria G.,Hard,0.5739130434782609
1417,Martin T.,Hard,0.5730337078651685
1385,Mantilla F.,Clay,0.5723684210526315
874,Gustafsson M.,Carpet,0.5714285714285714
766,Gicquel M.,Carpet,0.5714285714285714
2416,Woodbridge T.,Grass,0.5714285714285714
2242,Tsitsipas S.,Grass,0.5714285714285714
639,Evans B.,Grass,0.5714285714285714
645,Fabbiano T.,Grass,0.5714285714285714
2152,Stoltenberg J.,Grass,0.5714285714285714
2156,Stricker D.,Grass,0.5714285714285714
2206,Tiafoe F.,Grass,0.5714285714285714
488,Decoud S.,Clay,0.5714285714285714
2171,Sweeting R.,Clay,0.5714285714285714
628,Estrella Burgos V.,Clay,0.5714285714285714
611,Enqvist T.,Carpet,0.5714285714285714
282,Bryan B.,Grass,0.5714285714285714
1168,Koubek S.,Carpet,0.5714285714285714
2282,Van Der Merwe I.,Hard,0.5714285714285714
111,Balazs A.,Clay,0.5714285714285714
1154,Kopriva V.,Clay,0.5714285714285714
2143,Stepanek R.,Clay,0.5705521472392638
2442,Youzhny M.,Grass,0.5700934579439252
2063,Simon G.,Hard,0.5700197238658777
1424,Massu N.,Clay,0.569672131147541
2006,Schuettler R.,Grass,0.5694444444444444
137,Bautista Agut R.,Clay,0.5686274509803921
1675,Opelka R.,Hard,0.568
853,Grosjean S.,Hard,0.5675675675675675
548,Dodig I.,Grass,0.5666666666666667
2088,Sock J.,Grass,0.5666666666666667
2061,Simon G.,Clay,0.56640625
796,Goffin D.,Grass,0.5660377358490566
1102,Kiefer N.,Grass,0.5660377358490566
908,Hanfmann Y.,Clay,0.5652173913043478
67,Arazi H.,Grass,0.5652173913043478
2446,Zabaleta M.,Clay,0.5645161290322581
1097,Khachanov K.,Hard,0.5642023346303502
1002,Ilie A.,Clay,0.5641025641025641
686,Fognini F.,Clay,0.5629820051413882
598,El Aynaoui Y.,Grass,0.5625
2099,Sonego L.,Grass,0.5625
414,Coria G.,Grass,0.5625
73,Arnaldi M.,Clay,0.5625
1156,Korda S.,Clay,0.5625
440,Cuevas P.,Clay,0.5622641509433962
614,Enqvist T.,Hard,0.5617283950617284
1634,Norman M.,Clay,0.5616438356164384
1528,Monfils G.,Grass,0.5616438356164384
1859,Rios M.,Clay,0.5614035087719298
1144,Kohlschreiber P.,Clay,0.5614035087719298
103,Baghdatis M.,Hard,0.5610972568578554
2012,Schwartzman D.,Clay,0.5609756097560976
797,Goffin D.,Hard,0.5609756097560976
2253,Tursunov D.,Grass,0.5606060606060606
1322,Ljubicic I.,Clay,0.5605095541401274
1005,Isner J.,Clay,0.5597014925373134
2115,Squillari F.,Clay,0.5597014925373134
421,Corretja A.,Hard,0.5596330275229358
1047,Johansson T.,Hard,0.5589519650655022
1049,Johnson S.,Grass,0.5588235294117647
1924,Rusedski G.,Hard,0.558282208588957
513,Dent T.,Grass,0.5576923076923077
1742,Philippoussis M.,Hard,0.5571428571428572
1565,Muller G.,Grass,0.5569620253164557
2463,Zhang Zh.,Clay,0.5555555555555556
1869,Robredo T.,Grass,0.5555555555555556
989,Humbert U.,Grass,0.5555555555555556
582,Dzumhur D.,Grass,0.5555555555555556
669,Ferrero J.C.,Carpet,0.5555555555555556
1980,Sargsian S.,Carpet,0.5555555555555556
401,Clement A.,Grass,0.5555555555555556
2024,Seppi A.,Grass,0.5555555555555556
1143,Kohlschreiber P.,Carpet,0.5555555555555556
1638,Norrie C.,Grass,0.5555555555555556
732,Gambill J.M.,Hard,0.555
2145,Stepanek R.,Hard,0.554945054945055
1870,Robredo T.,Hard,0.55470737913486
197,Berrettini M.,Hard,0.5545454545454546
212,Blake J.,Grass,0.5535714285714286
1455,Medvedev A.,Clay,0.5526315789473685
1184,Krajicek R.,Hard,0.5526315789473685
416,Coric B.,Clay,0.5523809523809524
383,Chung H.,Clay,0.5517241379310345
1213,Kucera K.,Hard,0.5510204081632653
1124,Klizan M.,Clay,0.55
1706,Pavel A.,Clay,0.549618320610687
2062,Simon G.,Grass,0.5494505494505495
1507,Mirnyi M.,Grass,0.5490196078431373
1803,Querrey S.,Hard,0.5478841870824054
697,Fritz T.,Clay,0.546875
980,Hrbaty D.,Hard,0.5454545454545454
731,Gambill J.M.,Grass,0.5454545454545454
675,Fils A.,Hard,0.5454545454545454
1555,Moya C.,Carpet,0.5454545454545454
1643,Novak J.,Carpet,0.5454545454545454
1771,Pouille L.,Grass,0.5454545454545454
1739,Philippoussis M.,Carpet,0.5454545454545454
433,Cressy M.,Grass,0.5454545454545454
1987,Saulnier C.,Carpet,0.5454545454545454
1594,Nakashima B.,Hard,0.5454545454545454
153,Becker B.,Grass,0.5454545454545454
1948,Safiullin R.,Clay,0.5454545454545454
2179,Tabilo A.,Clay,0.5454545454545454
2312,Verdasco F.,Carpet,0.5454545454545454
2089,Sock J.,Hard,0.5443037974683544
2087,Sock J.,Clay,0.543859649122807
1997,Schalken S.,Hard,0.543859649122807
1829,Ramos-Vinolas A.,Clay,0.5437262357414449
977,Hrbaty D.,Carpet,0.5434782608695652
496,Delbonis F.,Clay,0.5431034482758621
1476,Melzer J.,Clay,0.5429864253393665
464,Davidovich Fokina A.,Clay,0.5428571428571428
1477,Melzer J.,Grass,0.5428571428571428
2314,Verdasco F.,Grass,0.5425531914893617
1208,Kubot L.,Grass,0.5416666666666666
2443,Youzhny M.,Hard,0.5406593406593406
418,Coric B.,Hard,0.5405405405405406
1933,Ruusuvuori E.,Hard,0.5398230088495575
2222,Tomic B.,Grass,0.5396825396825397
353,Cerundolo J.M.,Hard,0.5384615384615384
866,Gulbis E.,Carpet,0.5384615384615384
2014,Schwartzman D.,Hard,0.5384615384615384
1205,Kubler J.,Grass,0.5384615384615384
2121,Srichaphan P.,Grass,0.5384615384615384
537,Djokovic N.,Carpet,0.5384615384615384
2483,Zverev M.,Carpet,0.5384615384615384
1212,Kucera K.,Grass,0.5384615384615384
56,Andreev I.,Clay,0.5376884422110553
1880,Rochus O.,Grass,0.5375
2254,Tursunov D.,Hard,0.5362318840579711
399,Clement A.,Carpet,0.5357142857142857
55,Andreev I.,Carpet,0.5357142857142857
171,Benneteau J.,Carpet,0.5357142857142857
2280,Van De Zandschulp B.,Hard,0.5348837209302325
551,Dolgopolov O.,Grass,0.5348837209302325
1064,Kafelnikov Y.,Clay,0.5344827586206896
1531,Montanes A.,Clay,0.5338345864661654
74,Arnaldi M.,Hard,0.5333333333333333
164,Bellucci T.,Clay,0.5333333333333333
791,Godwin N.,Grass,0.5333333333333333
905,Hanescu V.,Clay,0.5330396475770925
990,Humbert U.,Hard,0.532258064516129
1826,Ramos A.,Clay,0.5319148936170213
2153,Stoltenberg J.,Hard,0.53125
51,Anderson K.,Clay,0.5309734513274337
77,Arthurs W.,Grass,0.5306122448979592
1618,Nieminen J.,Clay,0.5297297297297298
514,Dent T.,Hard,0.5294117647058824
361,Chang M.,Grass,0.5294117647058824
1508,Mirnyi M.,Hard,0.5294117647058824
2357,Volandri F.,Clay,0.5292096219931272
410,Coria F.,Clay,0.5285714285714286
1975,Santoro F.,Hard,0.5277777777777778
247,Boutter J.,Clay,0.5272727272727272
1730,Petzschner P.,Grass,0.5263157894736842
808,Golmard J.,Clay,0.5263157894736842
643,Evans D.,Hard,0.5251396648044693
1074,Karatsev A.,Clay,0.525
2207,Tiafoe F.,Hard,0.5248868778280543
1620,Nieminen J.,Hard,0.5247058823529411
1146,Kohlschreiber P.,Hard,0.5241545893719807
2233,Troicki V.,Grass,0.5238095238095238
68,Arazi H.,Hard,0.5238095238095238
1084,Kecmanovic M.,Clay,0.5238095238095238
599,El Aynaoui Y.,Hard,0.5238095238095238
1191,Kratochvil M.,Grass,0.5238095238095238
2212,Tillstrom M.,Hard,0.5238095238095238
687,Fognini F.,Grass,0.5238095238095238
1994,Schalken S.,Carpet,0.5238095238095238
2216,Tipsarevic J.,Hard,0.5231316725978647
698,Fritz T.,Grass,0.5227272727272727
1011,Istomin D.,Grass,0.5223880597014925
552,Dolgopolov O.,Hard,0.5220883534136547
2315,Verdasco F.,Hard,0.5217391304347826
1020,Ivashka I.,Grass,0.5217391304347826
2215,Tipsarevic J.,Grass,0.5217391304347826
210,Blake J.,Carpet,0.5217391304347826
2007,Schuettler R.,Hard,0.5206349206349207
856,Groth S.,Grass,0.52
1772,Pouille L.,Hard,0.5194805194805194
1458,Medvedev D.,Clay,0.5185185185185185
2038,Shapovalov D.,Clay,0.5185185185185185
1745,Pioline C.,Hard,0.5185185185185185
1645,Novak J.,Grass,0.5185185185185185
1449,Mcdonald M.,Grass,0.5185185185185185
2319,Verkerk M.,Clay,0.5185185185185185
2234,Troicki V.,Hard,0.5180722891566265
2133,Starace P.,Clay,0.5173913043478261
2278,Van De Zandschulp B.,Clay,0.5172413793103449
200,Bjorkman J.,Carpet,0.5172413793103449
1995,Schalken S.,Clay,0.5166666666666667
550,Dolgopolov O.,Clay,0.5166666666666667
1048,Johnson S.,Clay,0.5151515151515151
1819,Ram R.,Grass,0.5142857142857142
782,Ginepri R.,Hard,0.5131086142322098
112,Balcells J.,Clay,0.5128205128205128
373,Chela J.I.,Hard,0.5128205128205128
1250,Kwon S.W.,Hard,0.5116279069767442
2079,Sluiter R.,Grass,0.5111111111111111
1505,Mirnyi M.,Carpet,0.5102040816326531
591,Edmund K.,Hard,0.5099337748344371
1960,Sanchez D.,Clay,0.5099337748344371
1080,Karlovic I.,Hard,0.5096153846153846
2449,Zapata Miralles B.,Clay,0.5094339622641509
2203,Thompson J.,Grass,0.5094339622641509
385,Chung H.,Hard,0.5094339622641509
1412,Martin A.,Clay,0.5087719298245614
1441,Mayer L.,Clay,0.5087719298245614
402,Clement A.,Hard,0.5085910652920962
1277,Lapentti N.,Clay,0.5081967213114754
2441,Youzhny M.,Clay,0.5080645161290323
2389,Wawrinka S.,Grass,0.5076923076923077
1718,Pella G.,Clay,0.5076923076923077
1086,Kecmanovic M.,Hard,0.5072463768115942
975,Horna L.,Clay,0.50625
2342,Vinciguerra A.,Hard,0.5060240963855421
1566,Muller G.,Hard,0.5057915057915058
1026,Janowicz J.,Hard,0.504950495049505
1021,Ivashka I.,Hard,0.5047619047619047
2223,Tomic B.,Hard,0.5045871559633027
1930,Ruud C.,Hard,0.5040650406504065
1478,Melzer J.,Hard,0.5030674846625767
364,Chardy J.,Clay,0.5025125628140703
1376,Malisse X.,Hard,0.5015974440894568
1042,Johansson J.,Grass,0.5
1008,Isner J. ,Hard,0.5
2213,Tipsarevic J.,Carpet,0.5
2169,Svrcina D.,Hard,0.5
2217,Tipsarevic J. ,Hard,0.5
2235,Troicki V. ,Hard,0.5
2279,Van De Zandschulp B.,Grass,0.5
2219,Tirante T.A.,Hard,0.5
2228,Traykov I.,Clay,0.5
2185,Tarallo S.,Clay,0.5
1038,Jenkins S.,Grass,0.5
1036,Jelenic P.,Hard,0.5
1035,Jeanpierre J.,Hard,0.5
2231,Troicki V.,Carpet,0.5
2211,Tillstrom M.,Clay,0.5
2274,Valkusz M.,Hard,0.5
2236,Trujillo G.,Clay,0.5
2220,Tobon M.,Clay,0.5
1584,Nadal R.,Carpet,0.5
2286,Van der Merwe I.,Hard,0.5
2415,Woodbridge T.,Clay,0.5
889,Hadad A.,Clay,0.5
2399,Wheaton D.,Grass,0.5
2402,Whittington A.,Hard,0.5
2403,Widom T.,Hard,0.5
2404,Willems R.,Clay,0.5
2405,Williams R.,Clay,0.5
2407,Willis M.,Grass,0.5
878,Gutierrez-Ferrol S.,Clay,0.5
876,Gustafsson M.,Grass,0.5
2411,Wolf J.J.,Clay,0.5
2412,Wolf J.J.,Grass,0.5
865,Guinard M.,Hard,0.5
859,Guccione A.,Grass,0.5
858,Guardiola T.,Hard,0.5
2419,Woodruff C.,Carpet,0.5
2385,Watanuki Y.,Grass,0.5
2435,Yoon Y.,Hard,0.5
2439,Youzhny A.,Hard,0.5
843,Greul S.,Carpet,0.5
841,Grenier H.,Grass,0.5
837,Gremelmayr D.,Clay,0.5
835,Gregorc L.,Hard,0.5
2460,Zhang Z.,Grass,0.5
2474,Zimonjic N.,Grass,0.5
2482,Zverev A. ,Hard,0.5
817,Gomez A.,Clay,0.5
2485,Zverev M.,Grass,0.5
2489,de Voest R.,Carpet,0.5
2496,di Pasquale A.,Grass,0.5
2499,van Gemerden M.,Grass,0.5
2395,Wessels L.,Clay,0.5
890,Hadad A.,Hard,0.5
2293,Varillas J.P.,Clay,0.5
2167,Suzuki T.,Hard,0.5
2301,Vavassori A.,Clay,0.5
2302,Vavassori A.,Hard,0.5
2306,Vemic D.,Clay,0.5
997,Ianni S.,Clay,0.5
2307,Vemic D.,Grass,0.5
981,Hsu Y.,Hard,0.5
970,Hoang A.,Grass,0.5
969,Hoang A.,Clay,0.5
962,Hill M.,Hard,0.5
2317,Verdasco M.,Clay,0.5
2322,Veronelli D.,Clay,0.5
2330,Vico U.,Hard,0.5
2337,Viloca J.A.,Clay,0.5
2338,Viloca J.A.,Hard,0.5
937,Herbert P.H,Hard,0.5
891,Hadad M.,Clay,0.5
936,Herbert P.H,Clay,0.5
2344,Vinck C.,Grass,0.5
931,Hemmes F.,Hard,0.5
928,Healey N.,Grass,0.5
925,Hartfield D.,Carpet,0.5
2366,Wang C.,Hard,0.5
2367,Wang J.,Clay,0.5
916,Harris B.,Hard,0.5
911,Hantschek M.,Hard,0.5
902,Halys Q.,Grass,0.5
895,Haider-Mauer A.,Clay,0.5
2370,Wang Y. Jr,Hard,0.5
2383,Wassen R.,Hard,0.5
2384,Watanuki Y.,Clay,0.5
951,Hernych J. ,Hard,0.5
1153,Kontinen H.,Grass,0.5
2141,Stepanek M.,Clay,0.5
1391,Marcaccio G.,Clay,0.5
1446,Mayot H.,Hard,0.5
1445,Mayot H.,Grass,0.5
1444,Mayer L. ,Hard,0.5
1435,Matsui T.,Hard,0.5
1429,Mathieu P.H.,Clay,0.5
1721,Pellegrino A.,Clay,0.5
1722,Peniston R.,Grass,0.5
1726,Petrovic D.,Clay,0.5
1409,Marti J.,Grass,0.5
1404,Martelli M.,Hard,0.5
1754,Polmans M.,Grass,0.5
1759,Popyrin A.,Clay,0.5
1396,Marin J.A,Clay,0.5
1395,Marcora R.,Hard,0.5
1770,Pouille L.,Clay,0.5
2137,Stebe C-M.,Hard,0.5
1783,Prizmic D.,Hard,0.5
1789,Pucinelli de Almeida M.,Clay,0.5
1364,Mager G.,Grass,0.5
1357,Machac T.,Clay,0.5
1791,Puentes G.,Grass,0.5
1796,Puetz T.,Grass,0.5
1804,Querry S.,Grass,0.5
1806,Quinn E.,Grass,0.5
1356,MacPhie B.,Hard,0.5
1352,Luczak P.,Grass,0.5
1807,Quinzi G.,Clay,0.5
1808,Quiroz R.,Clay,0.5
1811,Qureshi A.U.H.,Grass,0.5
1346,Lu H.,Hard,0.5
1447,Mcclune M.,Hard,0.5
1453,Medjedovic H.,Hard,0.5
1454,Medvedev A.,Carpet,0.5
1716,Peliwo F.,Clay,0.5
1561,Muller A.,Grass,0.5
1589,Nadal-Parera R.,Clay,0.5
1617,Nieminen J.,Carpet,0.5
1545,Moroni G.,Clay,0.5
1543,Moraing M.,Clay,0.5
1530,Monfils G. ,Hard,0.5
1621,Nieminen J. ,Hard,0.5
1629,Noguchi R.,Hard,0.5
1635,Norman M.,Grass,0.5
1525,Monaco J. ,Hard,0.5
1652,O'Brien A.,Grass,0.5
1656,Ofner S.,Clay,0.5
1658,Ofner S.,Hard,0.5
1664,Okun N.,Clay,0.5
1496,Milojevic N.,Clay,0.5
1491,Michon A.,Clay,0.5
1490,Michelsen A.,Hard,0.5
1672,Ondruska M.,Clay,0.5
1488,Mertl J.,Clay,0.5
1484,Mergea F.,Grass,0.5
1483,Mergea F.,Clay,0.5
1676,Ortegren J.,Hard,0.5
1682,Ouanna J.,Carpet,0.5
1686,Paes L.,Grass,0.5
1694,Pashanski B.,Carpet,0.5
1700,Patience O.,Grass,0.5
1713,Pavlasek A.,Clay,0.5
1714,Pavlasek A.,Grass,0.5
1715,Pecotic M.,Hard,0.5
1337,Lopez F. ,Hard,0.5
1838,Rehnquist B.,Clay,0.5
1325,Llamas Ruiz P.,Clay,0.5
1188,Kralert P.,Hard,0.5
1969,Santillan A.,Grass,0.5
1976,Saoudi S.,Clay,0.5
1978,Saretta F.,Grass,0.5
1984,Sarkissian A.,Clay,0.5
1986,Satral J.,Hard,0.5
1165,Kotov P.,Clay,0.5
1162,Korolev E.,Hard,0.5
2001,Schoorel T.,Clay,0.5
1155,Kopriva V.,Hard,0.5
2002,Schranz W.,Clay,0.5
2004,Schuettler R.,Carpet,0.5
1147,Kohlschreiber P..,Hard,0.5
2017,Sela D.,Carpet,0.5
1140,Kohlmann M.,Clay,0.5
1139,Kohlmann M.,Carpet,0.5
1136,Koepfer D.,Clay,0.5
2021,Sell M.,Hard,0.5
2026,Seppi A. ,Hard,0.5
2028,Sergeyev I.,Hard,0.5
2033,Serra F. ,Hard,0.5
2035,Settergren J.,Clay,0.5
2046,Sherwood D.,Grass,0.5
1087,Kempes E.,Clay,0.5
2094,Soderlund C.,Clay,0.5
2101,Sorensen L.,Clay,0.5
2117,Srichaphan N.,Carpet,0.5
1076,Karatsev A.,Hard,0.5
2118,Srichaphan N.,Clay,0.5
2125,Stafford G.,Hard,0.5
1963,Sandgren T.,Grass,0.5
1193,Kravchuk K.,Carpet,0.5
1844,Reix C.,Hard,0.5
1194,Kravchuk K.,Clay,0.5
1845,Renavand N.,Hard,0.5
1846,Reneberg R.,Hard,0.5
1847,Rettenmaier T.,Grass,0.5
1320,Liukko V.,Hard,0.5
1316,Lisnard J.R.,Carpet,0.5
1301,Lejnieks K.,Carpet,0.5
1300,Lehecka J.,Hard,0.5
1299,Lehecka J.,Grass,0.5
1291,Lee D.H.,Hard,0.5
1848,Rettenmaier T.,Hard,0.5
1285,Larsson M.,Grass,0.5
1272,Langer N.,Clay,0.5
1855,Rieschick S.,Hard,0.5
1878,Rochus O.,Carpet,0.5
1271,Lammer M. ,Hard,0.5
1263,Lajal M.,Hard,0.5
1889,Rodrigues M.,Hard,0.5
1239,Kuznetsov A.,Clay,0.5
1235,Kutsenko V.,Clay,0.5
1902,Rosol L.,Clay,0.5
1905,Rosset M.,Carpet,0.5
1229,Kumar O.,Hard,0.5
1951,Safwat M.,Grass,0.5
1216,Kudla D.,Grass,0.5
1953,Sakharov G.,Clay,0.5
1214,Kucera V.,Hard,0.5
1204,Kubler J.,Clay,0.5
1201,Krueger M.,Clay,0.5
1197,Krawietz K.,Grass,0.5
794,Goellner M.K.,Hard,0.5
0, Hajek J.,Clay,0.5
88,Avidzba A.,Hard,0.5
522,Di Mauro A.,Clay,0.5
85,Auger-Aliassime F.,Clay,0.5
667,Ferrer D. ,Hard,0.5
278,Bruguera S.,Carpet,0.5
145,Beck A.,Grass,0.5
79,Ascione A.,Hard,0.5
724,Galvani S.,Carpet,0.5
151,Becker B.,Carpet,0.5
728,Gambill J. M.,Hard,0.5
651,Farah R.,Clay,0.5
297,Cachin P.,Clay,0.5
299,Cacic N.,Clay,0.5
300,Cadart R.,Hard,0.5
302,Cakl T.,Clay,0.5
315,Capalik K.,Grass,0.5
358,Chadaj A.,Clay,0.5
510,Demoliner M.,Clay,0.5
507,Dell'Acqua M.,Grass,0.5
742,Garin C.,Grass,0.5
214,Blake T.,Grass,0.5
338,Carretero R.,Clay,0.5
489,Del Bonis F.,Clay,0.5
207,Black W.,Carpet,0.5
39,Alvarez Varona N.,Hard,0.5
613,Enqvist T.,Grass,0.5
346,Celikbilek A.,Hard,0.5
761,Gerasimov E.,Grass,0.5
348,Cermak F.,Grass,0.5
615,Erler A.,Clay,0.5
668,Ferrero J.,Carpet,0.5
89,Baccanello P.,Grass,0.5
91,Bachelot J.F,Carpet,0.5
143,Beck A.,Carpet,0.5
126,Barton M.,Hard,0.5
125,Barton M.,Grass,0.5
241,Borg L.,Clay,0.5
129,Basic M.,Hard,0.5
124,Barton M.,Clay,0.5
123,Barrios Vera M.T.,Clay,0.5
693,Fratangelo B.,Grass,0.5
569,Droguet T.,Hard,0.5
700,Froberg J.,Hard,0.5
244,Bourchier H.,Hard,0.5
246,Boutter J.,Carpet,0.5
564,Draper J.,Clay,0.5
702,Fromberg R.,Grass,0.5
237,Bonzi B.,Grass,0.5
562,Dosedel S.,Grass,0.5
114,Ball C.,Clay,0.5
108,Baker B.,Grass,0.5
107,Baker B.,Clay,0.5
258,Bracciali D.,Grass,0.5
231,Bolelli S.,Grass,0.5
557,Donati M.,Clay,0.5
578,Dutra Da Silva R.,Hard,0.5
272,Brouwer G.,Hard,0.5
229,Bolelli S.,Carpet,0.5
584,Eaton C.,Grass,0.5
93,Bachelot J.F,Hard,0.5
92,Bachelot J.F,Clay,0.5
478,De Greef A.,Hard,0.5
690,Forejtek J.,Hard,0.5
466,Davidovich Fokina A.,Hard,0.5
184,Berdych T. ,Hard,0.5
363,Chardy J.,Carpet,0.5
617,Erlich J.,Hard,0.5
359,Chang M.,Carpet,0.5
367,Chardy J. ,Hard,0.5
462,Darderi L.,Clay,0.5
472,Davydenko P.,Clay,0.5
631,Etcheverry T.,Clay,0.5
443,Cuevas P. ,Hard,0.5
448,Damm M.,Grass,0.5
439,Cuadrado C.,Clay,0.5
190,Berrer M.,Carpet,0.5
185,Bergs Z.,Clay,0.5
476,De Chaunac S.,Hard,0.5
376,Childs L.,Hard,0.5
194,Berrettini J.,Hard,0.5
869,Gulbis E.,Hard,0.49812734082397003
62,Andujar P.,Clay,0.4978723404255319
1628,Nishioka Y.,Hard,0.4972677595628415
174,Benneteau J.,Hard,0.49712643678160917
886,Haase R.,Clay,0.4968944099378882
737,Garcia-Lopez G.,Clay,0.49635036496350365
919,Harris L.,Hard,0.4948453608247423
1977,Saretta F.,Clay,0.4943820224719101
706,Fucsovics M.,Hard,0.49382716049382713
2023,Seppi A.,Clay,0.49382716049382713
211,Blake J.,Clay,0.4936708860759494
1336,Lopez F.,Hard,0.4934823091247672
2413,Wolf J.J.,Hard,0.4927536231884058
2363,Voltchkov V.,Hard,0.4925373134328358
867,Gulbis E.,Clay,0.4925373134328358
1858,Rinderknech A.,Hard,0.49206349206349204
279,Bruguera S.,Clay,0.4915254237288136
2232,Troicki V.,Clay,0.4915254237288136
784,Giraldo S.,Clay,0.4900662251655629
1264,Lajovic D.,Clay,0.4898989898989899
322,Carballes Baena R.,Clay,0.48951048951048953
612,Enqvist T.,Clay,0.48936170212765956
2112,Spadea V.,Grass,0.48936170212765956
1334,Lopez F.,Clay,0.48863636363636365
2098,Sonego L.,Clay,0.48863636363636365
1438,Mayer F.,Clay,0.48863636363636365
32,Almagro N.,Hard,0.4880382775119617
831,Granollers M.,Clay,0.4880382775119617
351,Cerundolo F.,Hard,0.4878048780487805
762,Gerasimov E.,Hard,0.4875
576,Dupuis A.,Grass,0.48717948717948717
1581,Mutis O.,Clay,0.48717948717948717
1450,Mcdonald M.,Hard,0.48717948717948717
291,Bublik A.,Hard,0.4866666666666667
1185,Krajinovic F.,Clay,0.4864864864864865
659,Ferreira W.,Clay,0.4864864864864865
366,Chardy J.,Hard,0.48606811145510836
1279,Lapentti N.,Hard,0.4859154929577465
1708,Pavel A.,Hard,0.48502994011976047
57,Andreev I.,Grass,0.48484848484848486
705,Fucsovics M.,Grass,0.48484848484848486
1856,Rinderknech A.,Clay,0.4838709677419355
978,Hrbaty D.,Clay,0.4838709677419355
1705,Pavel A.,Carpet,0.4838709677419355
2138,Stebe C.M.,Clay,0.4838709677419355
2162,Sugita Y.,Grass,0.4838709677419355
738,Garcia-Lopez G.,Grass,0.48333333333333334
2263,Ulihrach B.,Hard,0.48314606741573035
2268,Vacek J.,Grass,0.4827586206896552
939,Herbert P.H.,Grass,0.4827586206896552
1382,Mannarino A.,Hard,0.48223350253807107
2019,Sela D.,Grass,0.48148148148148145
749,Gaston H.,Clay,0.48148148148148145
1567,Munar J.,Clay,0.48148148148148145
2427,Wu Y.,Hard,0.48
1466,Meligeni F.,Clay,0.48
2008,Schukin Y.,Clay,0.48
1323,Ljubicic I.,Grass,0.48
624,Escude N.,Carpet,0.48
781,Ginepri R.,Grass,0.48
155,Bedene A.,Clay,0.4796747967479675
1972,Santoro F.,Carpet,0.4791666666666667
849,Griekspoor T.,Hard,0.4788732394366197
2237,Trungelliti M.,Clay,0.4782608695652174
770,Gil F.,Clay,0.47761194029850745
1187,Krajinovic F.,Hard,0.4774193548387097
1524,Monaco J.,Hard,0.47738693467336685
451,Dancevic F.,Grass,0.4772727272727273
991,Hurkacz H.,Clay,0.4772727272727273
203,Bjorkman J.,Hard,0.47641509433962265
177,Berankis R.,Hard,0.47619047619047616
1330,Londero J.I.,Clay,0.47540983606557374
2158,Struff J.L.,Clay,0.47540983606557374
2205,Tiafoe F.,Clay,0.47540983606557374
774,Gimelstob J.,Grass,0.475
949,Hernych J.,Grass,0.475
2309,Ventura S.,Clay,0.47435897435897434
362,Chang M.,Hard,0.47368421052631576
2292,Varillas J. P.,Clay,0.47368421052631576
1050,Johnson S.,Hard,0.4732824427480916
173,Benneteau J.,Grass,0.47297297297297297
1908,Rosset M.,Hard,0.4727272727272727
1293,Lee H.T.,Grass,0.4722222222222222
2039,Shapovalov D.,Grass,0.4722222222222222
130,Basilashvili N.,Clay,0.47191011235955055
2181,Tabilo A.,Hard,0.47058823529411764
1028,Jarry N.,Grass,0.47058823529411764
805,Goldstein P.,Grass,0.47058823529411764
1078,Karlovic I.,Clay,0.47058823529411764
789,Giron M.,Hard,0.47058823529411764
2362,Voltchkov V.,Grass,0.47058823529411764
2186,Tarango J.,Clay,0.47058823529411764
2128,Stakhovsky S.,Grass,0.47058823529411764
589,Edmund K.,Clay,0.47058823529411764
1881,Rochus O.,Hard,0.4698275862068966
556,Donaldson J.,Hard,0.4691358024691358
2465,Zhang Zh.,Hard,0.46875
328,Carlsen K.,Hard,0.46875
2195,Thiem D.,Grass,0.46875
327,Carlsen K.,Grass,0.46875
1992,Savolt A.,Clay,0.46808510638297873
2113,Spadea V.,Hard,0.46808510638297873
1731,Petzschner P.,Hard,0.46788990825688076
58,Andreev I.,Hard,0.4678362573099415
397,Clavet F.,Hard,0.4675324675324675
1744,Pioline C.,Grass,0.4666666666666667
1333,Lopez F.,Carpet,0.4666666666666667
947,Hernych J.,Carpet,0.4666666666666667
753,Gaudenzi A.,Clay,0.4666666666666667
2060,Simon G.,Carpet,0.4666666666666667
2455,Zemlja G.,Clay,0.4666666666666667
1593,Nakashima B.,Grass,0.4666666666666667
912,Hantschk M.,Clay,0.4666666666666667
1580,Musetti L.,Hard,0.4657534246575342
1688,Paire B.,Clay,0.46524064171123
238,Bonzi B.,Hard,0.4642857142857143
428,Coutelot N.,Clay,0.4642857142857143
342,Cecchinato M.,Clay,0.463768115942029
1950,Safiullin R.,Hard,0.4634146341463415
964,Hipfl M.,Clay,0.4626865671641791
704,Fucsovics M.,Clay,0.4626865671641791
1769,Pospisil V.,Hard,0.46261682242990654
1172,Kovacevic A.,Hard,0.46153846153846156
801,Gojowczyk P.,Grass,0.46153846153846156
574,Dupuis A.,Carpet,0.46153846153846156
2036,Seyboth Wild T.,Clay,0.46153846153846156
1592,Nakashima B.,Clay,0.46153846153846156
2433,Ymer M.,Grass,0.46153846153846156
2422,Woodruff C.,Hard,0.46153846153846156
2100,Sonego L.,Hard,0.46153846153846156
1579,Musetti L.,Grass,0.46153846153846156
119,Barrere G.,Grass,0.46153846153846156
909,Hanfmann Y.,Grass,0.46153846153846156
325,Carlsen K.,Carpet,0.46153846153846156
2047,Shevchenko A.,Clay,0.46153846153846156
703,Fromberg R.,Hard,0.46153846153846156
2030,Serra F.,Clay,0.46153846153846156
1210,Kucera K.,Carpet,0.46153846153846156
2275,Van Assche L.,Clay,0.46153846153846156
2456,Zemlja G.,Grass,0.46153846153846156
2348,Vliegen K.,Carpet,0.46153846153846156
1494,Millman J.,Hard,0.4606741573033708
1101,Kiefer N.,Clay,0.4605263157894737
434,Cressy M.,Hard,0.4603174603174603
688,Fognini F.,Hard,0.4603174603174603
365,Chardy J.,Grass,0.4603174603174603
1689,Paire B.,Grass,0.46
2434,Ymer M.,Hard,0.45977011494252873
2160,Struff J.L.,Hard,0.4597156398104265
802,Gojowczyk P.,Hard,0.45901639344262296
230,Bolelli S.,Clay,0.45871559633027525
187,Berlocq C.,Clay,0.4585365853658537
417,Coric B.,Grass,0.4583333333333333
1077,Karlovic I.,Carpet,0.4583333333333333
1068,Kamke T.,Grass,0.4583333333333333
1085,Kecmanovic M.,Grass,0.4583333333333333
549,Dodig I.,Hard,0.45806451612903226
1171,Koubek S.,Hard,0.45789473684210524
924,Harrison R.,Hard,0.457286432160804
1893,Roger-Vasselin E.,Grass,0.45714285714285713
1442,Mayer L.,Grass,0.45714285714285713
1867,Robredo T.,Carpet,0.45714285714285713
1707,Pavel A.,Grass,0.45714285714285713
216,Blanco G.,Clay,0.45689655172413796
1670,Olivo R.,Clay,0.45652173913043476
473,De Bakker T.,Clay,0.45652173913043476
2025,Seppi A.,Hard,0.4564102564102564
1763,Portas A.,Clay,0.45614035087719296
2323,Vesely J.,Clay,0.45614035087719296
583,Dzumhur D.,Hard,0.4551282051282051
131,Basilashvili N.,Grass,0.45454545454545453
1535,Montcourt M.,Clay,0.45454545454545453
1888,Rodionov J.,Hard,0.45454545454545453
2110,Spadea V.,Carpet,0.45454545454545453
34,Altmaier D.,Clay,0.45454545454545453
1186,Krajinovic F.,Grass,0.45454545454545453
1668,Olivetti A.,Hard,0.45454545454545453
2360,Voltchkov V.,Carpet,0.45454545454545453
329,Carraz G.,Carpet,0.45454545454545453
2048,Shevchenko A.,Hard,0.45454545454545453
1968,Sanguinetti D.,Hard,0.45454545454545453
553,Domingues J.,Clay,0.45454545454545453
1431,Mathieu P.H.,Hard,0.4538152610441767
520,Devvarman S.,Hard,0.45348837209302323
679,Fish M.,Clay,0.4528301886792453
132,Basilashvili N.,Hard,0.45251396648044695
1468,Meligeni F.,Hard,0.4523809523809524
1387,Mantilla F.,Hard,0.4520547945205479
424,Costa A.,Hard,0.4519230769230769
1329,Llodra M.,Hard,0.45188284518828453
2009,Schwank E.,Clay,0.45161290322580644
2103,Sousa J.,Clay,0.4514285714285714
1150,Kokkinakis T.,Hard,0.45098039215686275
266,Broady L.,Hard,0.45
815,Gombos N.,Clay,0.45
1917,Rufin G.,Hard,0.45
607,Elseneer G.,Grass,0.45
779,Ginepri R.,Carpet,0.45
2176,Tabara M.,Hard,0.45
2387,Wawrinka S.,Carpet,0.45
940,Herbert P.H.,Hard,0.4492753623188406
1012,Istomin D.,Hard,0.44866920152091255
785,Giraldo S.,Grass,0.4482758620689655
1363,Mager G.,Clay,0.4482758620689655
832,Granollers M.,Grass,0.4473684210526316
2261,Ulihrach B.,Clay,0.4473684210526316
2214,Tipsarevic J.,Clay,0.44642857142857145
336,Carreno-Busta P.,Clay,0.4461538461538462
310,Calleri A.,Hard,0.44525547445255476
461,Darcis S.,Hard,0.4444444444444444
480,De Minaur A.,Clay,0.4444444444444444
33,Alonso J.,Clay,0.4444444444444444
2082,Smith J.P.,Grass,0.4444444444444444
2155,Stricker D.,Clay,0.4444444444444444
158,Behr N.,Hard,0.4444444444444444
1138,Koepfer D.,Hard,0.4444444444444444
1650,O Connell C.,Grass,0.4444444444444444
1554,Moutet C.,Hard,0.4444444444444444
877,Gustafsson M.,Hard,0.4444444444444444
1018,Ivanisevic G.,Hard,0.4444444444444444
2077,Sluiter R.,Carpet,0.4444444444444444
2198,Thomann N.,Carpet,0.4444444444444444
1278,Lapentti N.,Grass,0.4444444444444444
1932,Ruusuvuori E.,Grass,0.4444444444444444
1907,Rosset M.,Grass,0.4444444444444444
1207,Kubot L.,Clay,0.4444444444444444
2331,Vik R.,Carpet,0.4444444444444444
2210,Tieleman L.,Hard,0.4444444444444444
285,Bryan M.,Hard,0.4444444444444444
1361,Maden Y.,Clay,0.4444444444444444
2201,Thomann N.,Hard,0.4444444444444444
427,Courier J.,Hard,0.4444444444444444
1058,Jung J.,Grass,0.4444444444444444
921,Harrison C.,Hard,0.4444444444444444
1747,Pless K.,Carpet,0.4444444444444444
1190,Kratochvil M.,Clay,0.4444444444444444
1810,Qureshi A.,Grass,0.4444444444444444
2327,Vicente F.,Clay,0.44366197183098594
157,Bedene A.,Hard,0.44360902255639095
2451,Zeballos H.,Clay,0.4435483870967742
1349,Lu Y.H.,Grass,0.4426229508196721
1294,Lee H.T.,Hard,0.4426229508196721
1542,Moodie W.,Hard,0.44155844155844154
1247,Kuznetsov An.,Hard,0.44155844155844154
1098,Kicker N.,Clay,0.4411764705882353
767,Gicquel M.,Clay,0.4406779661016949
206,Black B.,Hard,0.44
360,Chang M.,Clay,0.44
1296,Lee M.,Grass,0.44
1374,Malisse X.,Clay,0.43956043956043955
1536,Monteiro T.,Clay,0.4392523364485981
274,Brown D.,Grass,0.43902439024390244
1192,Kratochvil M.,Hard,0.43902439024390244
547,Dodig I.,Clay,0.43859649122807015
1690,Paire B.,Hard,0.4379310344827586
500,Delgado R.,Clay,0.4375
596,El Aynaoui Y.,Carpet,0.4375
115,Ball C.,Hard,0.4375
37,Alund M.,Clay,0.4375
1418,Martinez P.,Clay,0.4375
1553,Moutet C.,Grass,0.4375
460,Darcis S.,Grass,0.4375
1673,Opelka R.,Clay,0.4375
38,Alvarez E.,Clay,0.4375
918,Harris L.,Grass,0.4375
2340,Vinciguerra A.,Clay,0.43636363636363634
1619,Nieminen J.,Grass,0.43636363636363634
806,Goldstein P.,Hard,0.4358974358974359
304,Calatrava A.,Clay,0.4358974358974359
2365,Vukic A.,Hard,0.4358974358974359
1801,Querrey S.,Clay,0.43564356435643564
2475,Zopp J.,Clay,0.43478260869565216
758,Gaudio G.,Hard,0.43478260869565216
1292,Lee H.T.,Clay,0.43478260869565216
2056,Sijsling I.,Grass,0.43478260869565216
257,Bracciali D.,Clay,0.43478260869565216
2251,Tursunov D.,Carpet,0.43478260869565216
1245,Kuznetsov An.,Clay,0.43478260869565216
223,Bogomolov A.,Grass,0.43478260869565216
1306,Levine J.,Grass,0.43478260869565216
1298,Lehecka J.,Clay,0.43478260869565216
769,Gicquel M.,Hard,0.43434343434343436
1440,Mayer F.,Hard,0.4342105263157895
2355,Voinea A.,Hard,0.4339622641509434
78,Arthurs W.,Hard,0.43356643356643354
581,Dzumhur D.,Clay,0.43333333333333335
1228,Kukushkin M.,Hard,0.4329004329004329
2105,Sousa J.,Hard,0.43243243243243246
1261,Lacko L.,Grass,0.4318181818181818
1394,Marchenko I.,Hard,0.43157894736842106
2020,Sela D.,Hard,0.43147208121827413
1513,Mmoh M.,Hard,0.43137254901960786
1939,Sa A.,Hard,0.43103448275862066
2204,Thompson J.,Hard,0.4305555555555556
2297,Vassallo-Arguello M.,Clay,0.43010752688172044
776,Gimeno-Traver D.,Clay,0.4293785310734463
1773,Pozzi G.,Carpet,0.42857142857142855
352,Cerundolo J.M.,Clay,0.42857142857142855
663,Ferrer D.,Carpet,0.42857142857142855
307,Calleri A.,Carpet,0.42857142857142855
484,De Schepper K.,Grass,0.42857142857142855
1426,Massu N.,Hard,0.42857142857142855
678,Fish M.,Carpet,0.42857142857142855
1419,Martinez P.,Grass,0.42857142857142855
2401,Whitehouse W.,Hard,0.42857142857142855
1463,Meffert D.,Hard,0.42857142857142855
1649,O Connell C.,Clay,0.42857142857142855
1541,Moodie W.,Grass,0.42857142857142855
2336,Vilella Martinez M.,Hard,0.42857142857142855
113,Balcells J.,Hard,0.42857142857142855
1955,Salzenstein J.,Grass,0.42857142857142855
1936,Sa A.,Carpet,0.42857142857142855
396,Clavet F.,Grass,0.42857142857142855
555,Donaldson J.,Grass,0.42857142857142855
445,Dabul B.,Grass,0.42857142857142855
98,Baez S.,Grass,0.42857142857142855
1657,Ofner S.,Grass,0.42857142857142855
2351,Vliegen K.,Hard,0.42857142857142855
1539,Moodie W.,Carpet,0.42857142857142855
1502,Miranda I.,Clay,0.42857142857142855
635,Etlis G.,Hard,0.42857142857142855
1516,Molcan A.,Grass,0.42857142857142855
29,Almagro N.,Carpet,0.42857142857142855
1678,Otte O.,Clay,0.42857142857142855
726,Galvani S.,Grass,0.42857142857142855
1501,Minar I.,Hard,0.42857142857142855
456,Daniel T.,Clay,0.42857142857142855
1875,Rochus C.,Clay,0.4266666666666667
1029,Jarry N.,Hard,0.42592592592592593
1564,Muller G.,Clay,0.42592592592592593
2129,Stakhovsky S.,Hard,0.4256410256410256
2438,Young D.,Hard,0.4256198347107438
1979,Saretta F.,Hard,0.425
2349,Vliegen K.,Clay,0.4246575342465753
1761,Popyrin A.,Hard,0.42452830188679247
926,Hartfield D.,Clay,0.42424242424242425
739,Garcia-Lopez G.,Hard,0.4234527687296417
2287,Vanek J.,Clay,0.42342342342342343
1126,Klizan M.,Hard,0.4233576642335766
332,Carraz G.,Hard,0.4230769230769231
768,Gicquel M.,Grass,0.4230769230769231
804,Goldstein P.,Clay,0.4230769230769231
1276,Lapentti N.,Carpet,0.4230769230769231
31,Almagro N.,Grass,0.4230769230769231
1841,Reid T.,Hard,0.4230769230769231
224,Bogomolov A.,Hard,0.42276422764227645
1169,Koubek S.,Clay,0.42276422764227645
1254,Laaksonen H.,Clay,0.4222222222222222
586,Ebden M.,Grass,0.4222222222222222
172,Benneteau J.,Clay,0.42201834862385323
1434,Matosevic M.,Hard,0.42201834862385323
1981,Sargsian S.,Clay,0.421875
862,Guccione C.,Hard,0.421875
1014,Ito T.,Grass,0.42105263157894735
642,Evans D.,Grass,0.42105263157894735
2052,Siemerink J.,Clay,0.42105263157894735
347,Cermak F.,Clay,0.42105263157894735
1354,Luzzi F.,Clay,0.41935483870967744
787,Giron M.,Clay,0.41935483870967744
1493,Millman J.,Grass,0.41935483870967744
149,Beck K.,Grass,0.41935483870967744
1372,Majchrzak K.,Hard,0.41935483870967744
23,Albot R.,Hard,0.4172661870503597
1557,Moya C.,Grass,0.4166666666666667
603,Elias G.,Clay,0.4166666666666667
1167,Kotov P.,Hard,0.4166666666666667
952,Heuberger I.,Carpet,0.4166666666666667
1898,Rola B.,Clay,0.4166666666666667
2457,Zemlja G.,Hard,0.4166666666666667
18,Alami K.,Clay,0.4166666666666667
395,Clavet F.,Clay,0.4166666666666667
1283,Larose S.,Hard,0.4166666666666667
1989,Saulnier C.,Grass,0.4166666666666667
2371,Wang Y.T.,Grass,0.4166666666666667
1935,Ryderstedt M.,Hard,0.4166666666666667
833,Granollers M.,Hard,0.4153846153846154
1430,Mathieu P.H.,Grass,0.41509433962264153
1983,Sargsian S.,Hard,0.41509433962264153
1031,Jaziri M.,Clay,0.41509433962264153
408,Copil M.,Hard,0.4146341463414634
1990,Saulnier C.,Hard,0.41379310344827586
1607,Navarro-Pastor I.,Clay,0.41379310344827586
2032,Serra F.,Hard,0.41379310344827586
1338,Lopez M.,Clay,0.41304347826086957
1343,Lorenzi P.,Clay,0.41304347826086957
2078,Sluiter R.,Clay,0.4126984126984127
944,Hernandez O.,Clay,0.4125874125874126
799,Gojo B.,Hard,0.4117647058823529
261,Brands D.,Grass,0.4117647058823529
2260,Ulihrach B.,Carpet,0.4117647058823529
984,Huesler M.A.,Hard,0.4117647058823529
1423,Massu N.,Carpet,0.4117647058823529
311,Canas G.,Carpet,0.4117647058823529
306,Calatrava A.,Hard,0.4117647058823529
1369,Mahut N.,Hard,0.4117647058823529
1350,Lu Y.H.,Hard,0.41044776119402987
718,Galan D.E.,Clay,0.41025641025641024
938,Herbert P.H.,Clay,0.41025641025641024
888,Haase R.,Hard,0.4100418410041841
1938,Sa A.,Grass,0.4090909090909091
2184,Taino E.,Hard,0.4090909090909091
2491,de Voest R.,Hard,0.4090909090909091
276,Browne F.,Clay,0.4090909090909091
66,Arazi H.,Clay,0.4090909090909091
2325,Vesely J.,Hard,0.40875912408759124
154,Becker B.,Hard,0.4087301587301587
1469,Mello R.,Clay,0.40816326530612246
1443,Mayer L.,Hard,0.40789473684210525
1719,Pella G.,Grass,0.4074074074074074
1894,Roger-Vasselin E.,Hard,0.4067796610169492
2175,Tabara M.,Clay,0.40625
906,Hanescu V.,Grass,0.40625
743,Garin C.,Hard,0.40625
950,Hernych J.,Hard,0.40625
1879,Rochus O.,Clay,0.4057971014492754
1473,Melzer G.,Clay,0.40540540540540543
1702,Paul T.,Clay,0.40540540540540543
136,Bastl G.,Hard,0.40540540540540543
2150,Stoliarov A.,Hard,0.40476190476190477
1776,Pozzi G.,Hard,0.40476190476190477
1768,Pospisil V.,Grass,0.40425531914893614
2159,Struff J.L.,Grass,0.40425531914893614
1420,Martinez P.,Hard,0.40425531914893614
273,Brown D.,Clay,0.40384615384615385
2116,Squillari F.,Hard,0.40384615384615385
193,Berrer M.,Hard,0.40268456375838924
1738,Phau B.,Hard,0.40145985401459855
649,Falla A.,Grass,0.4
1782,Prizmic D.,Clay,0.4
1785,Prpic F.,Hard,0.4
772,Gil F.,Hard,0.4
568,Draper S.,Hard,0.4
2259,Ugo Carabelli C.,Clay,0.4
2005,Schuettler R.,Clay,0.4
2332,Vik R.,Clay,0.4
1267,Lamasine T.,Clay,0.4
28,Allegro Y.,Grass,0.4
1422,Massa E.,Hard,0.4
2170,Sweeny D.,Hard,0.4
2432,Ymer M.,Clay,0.4
19,Alami K.,Grass,0.4
1967,Sanguinetti D.,Grass,0.4
1037,Jenkins S.,Clay,0.4
2178,Taberner C.,Hard,0.4
606,Elseneer G.,Clay,0.4
331,Carraz G.,Grass,0.4
783,Giner J.,Clay,0.4
379,Chiudinelli M.,Grass,0.4
2174,Tabara M.,Carpet,0.4
1667,Olaso G.,Clay,0.4
1517,Molcan A.,Hard,0.4
121,Barrios M.,Clay,0.4
1160,Korolev E.,Clay,0.4
71,Armando H.,Hard,0.4
75,Arthurs W.,Carpet,0.4
2368,Wang J.,Grass,0.4
2065,Simoni A.,Clay,0.4
723,Galovic V.,Clay,0.4
2072,Sirianni J.,Hard,0.4
1692,Parmar A.,Grass,0.4
465,Davidovich Fokina A.,Grass,0.4
2490,de Voest R.,Grass,0.4
1433,Matosevic M.,Grass,0.4
1134,Koellerer D.,Clay,0.4
1861,Ritschard A.,Clay,0.4
1149,Kokkinakis T.,Grass,0.4
2111,Spadea V.,Clay,0.4
1383,Manta L.,Hard,0.4
973,Hood M.,Clay,0.4
1612,Nestor D.,Grass,0.4
1753,Polmans M.,Clay,0.4
1606,Navarro S.,Clay,0.4
1284,Larsson M.,Clay,0.4
986,Huet S.,Grass,0.4
252,Bozoljac I.,Clay,0.4
2044,Shelton B.,Grass,0.4
1957,Sampras P.,Clay,0.4
422,Costa A.,Carpet,0.4
41,Alves T.,Grass,0.4
1465,Meligeni Alves F.,Hard,0.4
1240,Kuznetsov A.,Grass,0.4
1389,Marach O.,Clay,0.4
755,Gaudio G.,Carpet,0.4
1116,Klaasen R.,Hard,0.4
1582,Mutis O.,Grass,0.4
1964,Sandgren T.,Hard,0.4
601,Elgin M.,Carpet,0.4
404,Cobolli F.,Clay,0.4
961,Hijikata R.,Hard,0.4
864,Guinard M.,Clay,0.4
803,Goldstein P.,Carpet,0.4
1464,Mektic N.,Clay,0.4
563,Dosedel S.,Hard,0.4
1072,Karanusic R.,Grass,0.4
407,Copil M.,Grass,0.4
920,Harrison C.,Grass,0.4
2498,van Gemerden M.,Clay,0.4
1280,Lareau S.,Grass,0.4
887,Haase R.,Grass,0.4
2392,Weiner G.,Grass,0.4
1248,Kwon S.W.,Clay,0.4
166,Bellucci T.,Hard,0.39869281045751637
572,Duckworth J.,Hard,0.39814814814814814
2486,Zverev M.,Hard,0.39779005524861877
2329,Vicente F.,Hard,0.39759036144578314
5,Acasuso J.,Hard,0.39622641509433965
1824,Ramirez-Hidalgo R.,Clay,0.39568345323741005
976,Horna L.,Hard,0.3950617283950617
1626,Nishioka Y.,Clay,0.39473684210526316
2437,Young D.,Grass,0.39473684210526316
1720,Pella G.,Hard,0.3942307692307692
712,Gabashvili T.,Clay,0.3942307692307692
1019,Ivashka I.,Clay,0.3939393939393939
1931,Ruusuvuori E.,Clay,0.3939393939393939
648,Falla A.,Clay,0.39344262295081966
502,Delgado R.,Hard,0.39344262295081966
764,Giannessi A.,Clay,0.39285714285714285
1415,Martin T.,Clay,0.39285714285714285
1180,Krajicek A.,Hard,0.39285714285714285
1257,Labadze I.,Clay,0.39215686274509803
2447,Zabaleta M.,Hard,0.39215686274509803
442,Cuevas P.,Hard,0.391304347826087
899,Hajek J.,Clay,0.391304347826087
1319,Lisnard J.R.,Hard,0.391304347826087
1506,Mirnyi M.,Clay,0.3902439024390244
1471,Mello R.,Hard,0.38961038961038963
1262,Lacko L.,Hard,0.38961038961038963
441,Cuevas P.,Grass,0.3888888888888889
1135,Koellerer D.,Hard,0.3888888888888889
788,Giron M.,Grass,0.3888888888888889
1148,Kokkinakis T.,Clay,0.3888888888888889
474,De Bakker T.,Grass,0.3888888888888889
199,Bhambri Y.,Hard,0.3888888888888889
1033,Jaziri M.,Hard,0.38848920863309355
1266,Lajovic D.,Hard,0.38823529411764707
400,Clement A.,Clay,0.3875
209,Black W.,Hard,0.3870967741935484
459,Darcis S.,Clay,0.3870967741935484
590,Edmund K.,Grass,0.3870967741935484
295,Burgsmuller L.,Hard,0.38613861386138615
896,Haider-Maurer A.,Clay,0.38596491228070173
587,Ebden M.,Hard,0.38571428571428573
1904,Rosol L.,Hard,0.38513513513513514
1475,Melzer J.,Carpet,0.38461538461538464
1740,Philippoussis M.,Clay,0.38461538461538464
133,Bastl G.,Carpet,0.38461538461538464
1909,Roux L.,Hard,0.38461538461538464
1560,Muller A.,Clay,0.38461538461538464
1175,Kozlov S.,Grass,0.38461538461538464
160,Behrend T.,Clay,0.38461538461538464
256,Bracciali D.,Carpet,0.38461538461538464
1681,Ouahab L.,Clay,0.38461538461538464
1088,Kempes E.,Hard,0.38461538461538464
2013,Schwartzman D.,Grass,0.38461538461538464
1927,Russell M.,Hard,0.38461538461538464
844,Greul S.,Clay,0.38461538461538464
242,Borges N.,Clay,0.38461538461538464
1818,Ram R.,Clay,0.38461538461538464
1548,Morrison J.,Hard,0.38461538461538464
868,Gulbis E.,Grass,0.38461538461538464
1199,Kroslak J.,Hard,0.38461538461538464
2252,Tursunov D.,Clay,0.3835616438356164
96,Bachinger M.,Hard,0.3829787234042553
1492,Millman J.,Clay,0.3829787234042553
1304,Lestienne C.,Hard,0.38235294117647056
120,Barrere G.,Hard,0.38181818181818183
260,Brands D.,Clay,0.38181818181818183
393,Cipolla F.,Hard,0.38181818181818183
1903,Rosol L.,Grass,0.38095238095238093
870,Gumy H.,Clay,0.38095238095238093
2108,Souza J.,Clay,0.38095238095238093
1081,Kavcic B.,Clay,0.38
536,Djere L.,Hard,0.38
262,Brands D.,Hard,0.379746835443038
1799,Purcell M.,Hard,0.3793103448275862
826,Gonzalez M.,Clay,0.3787878787878788
1973,Santoro F.,Clay,0.3787878787878788
641,Evans D.,Clay,0.37777777777777777
1651,O Connell C.,Hard,0.37777777777777777
2124,Stadler S.,Hard,0.375
2453,Zeballos H.,Hard,0.375
595,El Amrani R.,Clay,0.375
1523,Monaco J.,Grass,0.375
2123,Stadler S.,Grass,0.375
1641,Novak D.,Grass,0.375
2470,Zib T.,Grass,0.375
1547,Morrison J.,Grass,0.375
354,Cervantes I.,Clay,0.375
1647,Novikov D.,Grass,0.375
1696,Pashanski B.,Hard,0.375
447,Damm M.,Clay,0.375
2425,Wu Y.,Clay,0.375
2080,Sluiter R.,Hard,0.375
1887,Rodionov J.,Grass,0.375
1823,Ramirez Hidalgo R.,Clay,0.375
1314,Lisnard J.,Clay,0.375
1310,Levy H.,Grass,0.375
1934,Ryderstedt M.,Clay,0.375
334,Carreno Busta P.,Grass,0.375
1405,Marterer M.,Clay,0.375
1437,Mayer F.,Carpet,0.375
1849,Reynolds B.,Clay,0.375
1249,Kwon S.W.,Grass,0.375
2353,Voinea A.,Clay,0.375
2034,Serrano O.,Clay,0.375
239,Bopanna R.,Grass,0.375
1016,Ivanisevic G.,Carpet,0.375
1840,Reid T.,Grass,0.375
1010,Istomin D.,Clay,0.37383177570093457
786,Giraldo S.,Hard,0.3724137931034483
515,Devilder N.,Clay,0.37209302325581395
2321,Verkerk M.,Hard,0.37209302325581395
1067,Kamke T.,Clay,0.37209302325581395
146,Beck A.,Hard,0.37142857142857144
475,De Bakker T.,Hard,0.37142857142857144
156,Bedene A.,Grass,0.37142857142857144
2350,Vliegen K.,Grass,0.37037037037037035
1045,Johansson T.,Clay,0.37037037037037035
249,Boutter J.,Hard,0.37037037037037035
101,Baghdatis M.,Clay,0.37037037037037035
319,Capdeville P.,Hard,0.37037037037037035
1892,Roger-Vasselin E.,Clay,0.37037037037037035
1326,Llodra M.,Carpet,0.37037037037037035
577,Dupuis A.,Hard,0.36904761904761907
289,Bublik A.,Clay,0.3684210526315789
1227,Kukushkin M.,Grass,0.3684210526315789
1632,Norman D.,Grass,0.3684210526315789
1281,Lareau S.,Hard,0.3684210526315789
1736,Phau B.,Clay,0.3684210526315789
535,Djere L.,Grass,0.3684210526315789
2221,Tomic B.,Clay,0.36764705882352944
94,Bachinger M.,Clay,0.36666666666666664
633,Etcheverry T.,Hard,0.36666666666666664
1982,Sargsian S.,Grass,0.36666666666666664
2225,Travaglia S.,Clay,0.36666666666666664
505,Delic A.,Hard,0.36666666666666664
1940,Sabau R.,Clay,0.36666666666666664
1750,Pless K.,Hard,0.36619718309859156
1173,Kovalik J.,Clay,0.36585365853658536
1758,Popp A.,Hard,0.36585365853658536
623,Escobedo E.,Hard,0.36585365853658536
846,Greul S.,Hard,0.36538461538461536
1069,Kamke T.,Hard,0.3645833333333333
2354,Voinea A.,Grass,0.36363636363636365
729,Gambill J.M.,Carpet,0.36363636363636365
2459,Zeppieri G.,Clay,0.36363636363636365
1683,Ouanna J.,Clay,0.36363636363636365
2193,Terachi T.,Hard,0.36363636363636365
710,Furlan R.,Hard,0.36363636363636365
234,Bolt A.,Hard,0.36363636363636365
1890,Rodriguez M.,Clay,0.36363636363636365
1798,Purcell M.,Grass,0.36363636363636365
1075,Karatsev A.,Grass,0.36363636363636365
2294,Varillas J.P.,Hard,0.36363636363636365
2501,van Lottum J.,Clay,0.36363636363636365
1401,Marray J.,Grass,0.36363636363636365
2270,Vagnozzi S.,Clay,0.36363636363636365
847,Griekspoor T.,Clay,0.36363636363636365
2495,di Pasquale A.,Clay,0.36363636363636365
22,Albot R.,Grass,0.36363636363636365
1270,Lammer M.,Hard,0.36363636363636365
999,Ilhan M.,Grass,0.36363636363636365
508,Dellien H.,Clay,0.3620689655172414
2273,Vahaly B.,Hard,0.3617021276595745
923,Harrison R.,Grass,0.3611111111111111
2398,Wessels P.,Hard,0.3611111111111111
618,Eschauer W.,Clay,0.3611111111111111
1831,Ramos-Vinolas A.,Hard,0.36075949367088606
650,Falla A.,Hard,0.36054421768707484
265,Broady L.,Grass,0.36
1174,Kovalik J.,Hard,0.36
2372,Wang Y.T.,Hard,0.36
2127,Stakhovsky S.,Clay,0.36
1965,Sanguinetti D.,Carpet,0.36
1906,Rosset M.,Clay,0.358974358974359
2104,Sousa J.,Grass,0.358974358974359
1729,Petzschner P.,Clay,0.358974358974359
1365,Mager G.,Hard,0.35714285714285715
61,Andreozzi G.,Hard,0.35714285714285715
1538,Monteiro T.,Hard,0.35714285714285715
2373,Warburg S.,Hard,0.35714285714285715
1206,Kubler J.,Hard,0.35714285714285715
904,Hanescu V.,Carpet,0.35714285714285715
21,Albot R.,Clay,0.35714285714285715
567,Draper S.,Grass,0.35714285714285715
780,Ginepri R.,Clay,0.35714285714285715
625,Escude N.,Clay,0.35714285714285715
127,Basic M.,Clay,0.35714285714285715
1258,Labadze I.,Grass,0.35714285714285715
457,Daniel T.,Hard,0.3564356435643564
1109,Kim K.,Hard,0.3564356435643564
104,Bagnis F.,Clay,0.3563218390804598
1865,Robert S.,Hard,0.3559322033898305
1552,Moutet C.,Clay,0.35555555555555557
1895,Roitman S.,Clay,0.3548387096774194
1569,Munar J.,Hard,0.3548387096774194
144,Beck A.,Clay,0.3541666666666667
232,Bolelli S.,Hard,0.35398230088495575
1091,Kendrick R.,Hard,0.35365853658536583
165,Bellucci T.,Grass,0.35294117647058826
2504,van Scheppingen D.,Clay,0.35294117647058826
150,Beck K.,Hard,0.35294117647058826
1275,Lapentti G.,Hard,0.35294117647058826
1608,Navarro-Pastor I.,Grass,0.35294117647058826
793,Goellner M.K.,Clay,0.35294117647058826
1246,Kuznetsov An.,Grass,0.35294117647058826
1358,Machac T.,Hard,0.35294117647058826
2149,Stoliarov A.,Grass,0.35294117647058826
1425,Massu N.,Grass,0.35294117647058826
1777,Pretzsch A.,Hard,0.35294117647058826
1397,Marin J.A.,Clay,0.352112676056338
1699,Patience O.,Clay,0.35185185185185186
1024,Janowicz J.,Clay,0.35135135135135137
922,Harrison R.,Clay,0.35135135135135137
1209,Kubot L.,Hard,0.35106382978723405
1327,Llodra M.,Clay,0.3508771929824561
575,Dupuis A.,Clay,0.3508771929824561
2057,Sijsling I.,Hard,0.35064935064935066
775,Gimelstob J.,Hard,0.35051546391752575
1233,Kunitsyn I.,Hard,0.35036496350364965
714,Gabashvili T.,Hard,0.3503184713375796
2386,Watanuki Y.,Hard,0.35
243,Borges N.,Hard,0.35
1680,Otte O.,Hard,0.35
2506,van Scheppingen D.,Hard,0.35
711,Gabashvili T.,Carpet,0.35
1345,Lorenzi P.,Hard,0.35
444,Dabul B.,Clay,0.35
694,Fratangelo B.,Hard,0.35
1655,Odesnik W.,Hard,0.3492063492063492
275,Brown D.,Hard,0.3484848484848485
452,Dancevic F.,Hard,0.34831460674157305
634,Etlis G.,Clay,0.34782608695652173
560,Donskoy E.,Hard,0.34782608695652173
2148,Stoliarov A.,Clay,0.34782608695652173
294,Burgsmuller L.,Grass,0.34782608695652173
561,Dosedel S.,Clay,0.34782608695652173
571,Duckworth J.,Grass,0.34782608695652173
2054,Siemerink J.,Hard,0.34782608695652173
812,Golubev A.,Clay,0.3469387755102041
2086,Smyczek T.,Hard,0.3469387755102041
1828,Ramos A.,Hard,0.3469387755102041
1414,Martin A.,Hard,0.3469387755102041
2177,Taberner C.,Clay,0.34615384615384615
2031,Serra F.,Grass,0.34615384615384615
1795,Puerta M.,Hard,0.3448275862068966
1852,Riba P.,Clay,0.3442622950819672
340,Caruso S.,Hard,0.34375
543,Dlouhy L.,Clay,0.34375
751,Gaston H.,Hard,0.34375
1842,Reister J.,Clay,0.34375
720,Galan D.E.,Hard,0.34285714285714286
1211,Kucera K.,Clay,0.34285714285714286
99,Baez S.,Hard,0.34210526315789475
391,Cipolla F.,Clay,0.34210526315789475
2163,Sugita Y.,Hard,0.34146341463414637
2379,Waske A.,Clay,0.34146341463414637
76,Arthurs W.,Clay,0.3409090909090909
1407,Marterer M.,Hard,0.3409090909090909
907,Hanescu V.,Hard,0.34057971014492755
1666,Okun N.,Hard,0.3404255319148936
191,Berrer M.,Clay,0.34
1083,Kavcic B.,Hard,0.3392857142857143
324,Carballes Baena R.,Hard,0.3392857142857143
857,Groth S.,Hard,0.3389830508474576
2173,Sweeting R.,Hard,0.3384615384615385
1311,Levy H.,Hard,0.3382352941176471
1379,Mamiit C.,Hard,0.33783783783783783
1402,Marrero D.,Clay,0.3333333333333333
250,Bower J.,Grass,0.3333333333333333
1274,Lapentti G.,Grass,0.3333333333333333
1403,Martelli M.,Clay,0.3333333333333333
845,Greul S.,Grass,0.3333333333333333
1812,Radic M.,Clay,0.3333333333333333
1,Abel M.,Clay,0.3333333333333333
1268,Lamasine T.,Hard,0.3333333333333333
1971,Santopadre V.,Clay,0.3333333333333333
855,Groth S.,Clay,0.3333333333333333
914,Hantschk M.,Hard,0.3333333333333333
253,Bozoljac I.,Grass,0.3333333333333333
316,Capalik K.,Hard,0.3333333333333333
1362,Maden Y.,Hard,0.3333333333333333
317,Capdeville P.,Clay,0.3333333333333333
521,Dewulf F.,Hard,0.3333333333333333
1218,Kudryavtsev A.,Hard,0.3333333333333333
1200,Krstin P.,Clay,0.3333333333333333
225,Bogomolov Jr. A.,Hard,0.3333333333333333
588,Economidis K.,Clay,0.3333333333333333
1797,Purcell M.,Clay,0.3333333333333333
516,Devilder N.,Grass,0.3333333333333333
2015,Sekulic P.,Hard,0.3333333333333333
1224,Kuhn N.,Hard,0.3333333333333333
1242,Kuznetsov Al.,Clay,0.3333333333333333
1998,Scherrer J.C.,Hard,0.3333333333333333
235,Bonadio R.,Clay,0.3333333333333333
1406,Marterer M.,Grass,0.3333333333333333
1991,Saville L.,Grass,0.3333333333333333
573,Duclos P.L.,Hard,0.3333333333333333
2431,Ymer E.,Hard,0.3333333333333333
1288,Ledovskikh M.,Carpet,0.3333333333333333
839,Gremelmayr D.,Hard,0.3333333333333333
1388,Marach O.,Carpet,0.3333333333333333
2454,Zekic M.,Clay,0.3333333333333333
281,Brugues-Davi A.,Hard,0.3333333333333333
1886,Rodionov J.,Clay,0.3333333333333333
530,Diez S.,Hard,0.3333333333333333
287,Bubka S.,Grass,0.3333333333333333
830,Granollers M.,Carpet,0.3333333333333333
542,Dlouhy L.,Carpet,0.3333333333333333
1901,Rosenholm P.,Hard,0.3333333333333333
1873,Rocha D.,Clay,0.3333333333333333
1872,Roca Batalla O.,Clay,0.3333333333333333
1370,Majchrzak K.,Clay,0.3333333333333333
2448,Zampieri C.,Clay,0.3333333333333333
1341,Lopez-Jaen M.A.,Clay,0.3333333333333333
1340,Lopez M.,Hard,0.3333333333333333
592,Eitzinger R.,Clay,0.3333333333333333
1866,Robredo R.,Hard,0.3333333333333333
1864,Robert S.,Grass,0.3333333333333333
1862,Ritschard A.,Hard,0.3333333333333333
526,Diaz Acosta F.,Hard,0.3333333333333333
1857,Rinderknech A.,Grass,0.3333333333333333
277,Browne F.,Hard,0.3333333333333333
296,Burrieza O.,Grass,0.3333333333333333
1916,Rufin G.,Grass,0.3333333333333333
1929,Ruud C.,Grass,0.3333333333333333
1843,Reister J.,Grass,0.3333333333333333
263,Brasington J.,Clay,0.3333333333333333
301,Cakl T.,Carpet,0.3333333333333333
1302,Leshem E.,Hard,0.3333333333333333
1943,Sadecky A.,Clay,0.3333333333333333
2464,Zhang Zh.,Grass,0.3333333333333333
1339,Lopez M.,Grass,0.3333333333333333
425,Couacaud E.,Clay,0.3333333333333333
593,Eitzinger R.,Hard,0.3333333333333333
128,Basic M.,Grass,0.3333333333333333
1001,Ilie A.,Carpet,0.3333333333333333
2249,Tu L.,Grass,0.3333333333333333
117,Balleret B.,Hard,0.3333333333333333
118,Barrere G.,Clay,0.3333333333333333
122,Barrios M.,Grass,0.3333333333333333
1009,Istomin D.,Carpet,0.3333333333333333
1013,Ito T.,Clay,0.3333333333333333
689,Fogues F.,Clay,0.3333333333333333
2230,Trinker B.,Clay,0.3333333333333333
2421,Woodruff C.,Grass,0.3333333333333333
2229,Trifu G.,Clay,0.3333333333333333
683,Fleishman Z.,Grass,0.3333333333333333
2218,Tirante T.A.,Clay,0.3333333333333333
892,Haehnel J.,Carpet,0.3333333333333333
673,Ficovich J.P.,Clay,0.3333333333333333
662,Ferreiro F.,Clay,0.3333333333333333
652,Faurel J.C.,Hard,0.3333333333333333
1056,Joyce M.,Hard,0.3333333333333333
2276,Van Assche L.,Grass,0.3333333333333333
707,Fukarek O.,Grass,0.3333333333333333
2283,Van Lottum J.,Hard,0.3333333333333333
2290,Vanni L.,Clay,0.3333333333333333
915,Harris A.,Hard,0.3333333333333333
733,Gamonal H.,Clay,0.3333333333333333
929,Healey N.,Hard,0.3333333333333333
2346,Viola M.,Clay,0.3333333333333333
72,Arnaboldi A.,Clay,0.3333333333333333
734,Garcia A.,Clay,0.3333333333333333
942,Hernandez A.,Hard,0.3333333333333333
2335,Vilella Martinez M.,Clay,0.3333333333333333
943,Hernandez O.,Carpet,0.3333333333333333
2364,Vukic A.,Grass,0.3333333333333333
721,Galimberti G.,Clay,0.3333333333333333
2320,Verkerk M.,Grass,0.3333333333333333
955,Heuberger I.,Hard,0.3333333333333333
716,Gakhov I.,Clay,0.3333333333333333
715,Gaio F.,Clay,0.3333333333333333
968,Hirigoyen I.,Clay,0.3333333333333333
2300,Vatutin A.,Clay,0.3333333333333333
2200,Thomann N.,Grass,0.3333333333333333
2192,Tenconi T.,Clay,0.3333333333333333
2190,Tebbutt M.,Hard,0.3333333333333333
198,Berrettini M. ,Hard,0.3333333333333333
619,Eschauer W.,Grass,0.3333333333333333
2085,Smyczek T.,Grass,0.3333333333333333
616,Erlich J.,Grass,0.3333333333333333
35,Altmaier D.,Grass,0.3333333333333333
1151,Kolar Z.,Clay,0.3333333333333333
2418,Woodforde M.,Hard,0.3333333333333333
2076,Slanar M.,Hard,0.3333333333333333
2075,Skugor F.,Hard,0.3333333333333333
2067,Simoni A.,Hard,0.3333333333333333
871,Gumy H.,Hard,0.3333333333333333
1164,Kosakowski D.,Hard,0.3333333333333333
605,Elseneer G.,Carpet,0.3333333333333333
2058,Silva F.F.,Clay,0.3333333333333333
2051,Sidorenko A.,Hard,0.3333333333333333
600,Eleskovic E.,Clay,0.3333333333333333
2042,Shelbayh A.,Hard,0.3333333333333333
2041,Shelbayh A.,Clay,0.3333333333333333
2414,Wolmarans F.,Hard,0.3333333333333333
1141,Kohlmann M.,Grass,0.3333333333333333
2189,Tavares L.,Clay,0.3333333333333333
872,Gunneswaran P.,Grass,0.3333333333333333
880,Guzman J.P.,Hard,0.3333333333333333
638,Eubanks C.,Hard,0.3333333333333333
636,Eubanks C.,Clay,0.3333333333333333
1092,Ketola T.,Carpet,0.3333333333333333
2166,Suzuki T.,Grass,0.3333333333333333
2400,Whitehouse W.,Grass,0.3333333333333333
1094,Ketola T.,Hard,0.3333333333333333
1099,Kicker N.,Hard,0.3333333333333333
163,Bellier A.,Hard,0.3333333333333333
2154,Stoppini A.,Hard,0.3333333333333333
1104,Kim A.,Grass,0.3333333333333333
167,Bemelmans R.,Clay,0.3333333333333333
759,Gensse A.,Clay,0.3333333333333333
1122,Klein L.,Clay,0.3333333333333333
1123,Klein L.,Grass,0.3333333333333333
1132,Knowle J.,Grass,0.3333333333333333
622,Escobedo E.,Grass,0.3333333333333333
208,Black W.,Grass,0.3333333333333333
1255,Laaksonen H.,Hard,0.3333333333333333
1461,Meffert D.,Clay,0.3333333333333333
374,Cherkasov A.,Hard,0.3333333333333333
345,Celikbilek A.,Grass,0.3333333333333333
1709,Pavic A.,Grass,0.3333333333333333
1462,Meffert D.,Grass,0.3333333333333333
1451,Mecir M.,Hard,0.3333333333333333
1487,Mertinak M.,Grass,0.3333333333333333
436,Crivoi V.,Grass,0.3333333333333333
446,Dabul B.,Hard,0.3333333333333333
2493,di Mauro A.,Grass,0.3333333333333333
1677,Oswald P.,Clay,0.3333333333333333
1457,Medvedev A.,Hard,0.3333333333333333
1497,Milojevic N.,Hard,0.3333333333333333
1659,Ogorodov O.,Clay,0.3333333333333333
384,Chung H.,Grass,0.3333333333333333
1766,Pospisil J.,Hard,0.3333333333333333
3,Acasuso J.,Carpet,0.3333333333333333
438,Cruciat A.,Clay,0.3333333333333333
1630,Norman D.,Carpet,0.3333333333333333
2478,Zovko L.,Hard,0.3333333333333333
1436,Matsukevitch D.,Carpet,0.3333333333333333
1695,Pashanski B.,Clay,0.3333333333333333
1697,Passaro F.,Clay,0.3333333333333333
1660,Ogorodov O.,Hard,0.3333333333333333
453,Daniel M.,Clay,0.3333333333333333
809,Golmard J.,Grass,0.3333333333333333
2477,Zovko L.,Carpet,0.3333333333333333
807,Golmard J.,Carpet,0.3333333333333333
1661,Ojeda Lara R.,Clay,0.3333333333333333
1712,Pavic M.,Grass,0.3333333333333333
479,De Heart R.,Hard,0.3333333333333333
1549,Mota B.,Clay,0.3333333333333333
2502,van Lottum J.,Grass,0.3333333333333333
477,De Greef A.,Clay,0.3333333333333333
1787,Przysiezny M.,Grass,0.3333333333333333
1521,Monaco J.,Carpet,0.3333333333333333
798,Gojo B.,Clay,0.3333333333333333
1519,Molleker R.,Clay,0.3333333333333333
1725,Pescosolido S.,Grass,0.3333333333333333
429,Cowan B.,Grass,0.3333333333333333
1724,Pescariu D.,Clay,0.3333333333333333
1485,Mertens Y.,Hard,0.3333333333333333
1603,Nargiso D.,Hard,0.3333333333333333
1550,Motomura G.,Grass,0.3333333333333333
1421,Massa E.,Clay,0.3333333333333333
2500,van Gemerden M.,Hard,0.3333333333333333
1615,Niemeyer F.,Grass,0.3333333333333333
1746,Piros Z.,Clay,0.3333333333333333
12,Agenor R.,Grass,0.3333333333333333
1452,Medjedovic H.,Clay,0.3333333333333333
449,Damm M.,Hard,0.3333333333333333
1226,Kukushkin M.,Clay,0.32926829268292684
169,Bemelmans R.,Hard,0.32608695652173914
2227,Travaglia S.,Hard,0.32608695652173914
380,Chiudinelli M.,Hard,0.3253012048192771
189,Berlocq C.,Hard,0.3253012048192771
337,Carreno-Busta P.,Hard,0.325
1232,Kunitsyn I.,Grass,0.32432432432432434
2202,Thompson J.,Clay,0.3235294117647059
1820,Ram R.,Hard,0.3235294117647059
1877,Rochus C.,Hard,0.3228346456692913
2256,Uchiyama Y.,Hard,0.32142857142857145
1003,Ilie A.,Hard,0.32142857142857145
469,Davydenko N.,Grass,0.32142857142857145
1748,Pless K.,Clay,0.32
2393,Weiner G.,Hard,0.32
378,Chiudinelli M.,Clay,0.3181818181818182
1911,Rubin N.,Hard,0.3181818181818182
1127,Knippschild J.,Clay,0.3181818181818182
948,Hernych J.,Clay,0.3170731707317073
2484,Zverev M.,Clay,0.31645569620253167
1359,Machado R.,Clay,0.3157894736842105
518,Devvarman S.,Clay,0.3157894736842105
1203,Krueger M.,Hard,0.3157894736842105
1532,Montanes A.,Grass,0.3157894736842105
161,Behrend T.,Hard,0.3142857142857143
861,Guccione C.,Grass,0.3125
2029,Serra F.,Carpet,0.3125
2257,Udomchoke D.,Grass,0.3125
692,Fratangelo B.,Clay,0.3125
82,Ascione T.,Hard,0.3125
236,Bonzi B.,Clay,0.3125
20,Alami K.,Hard,0.3125
298,Cachin P.,Hard,0.3125
435,Crivoi V.,Clay,0.3103448275862069
81,Ascione T.,Clay,0.3103448275862069
2289,Vanek J.,Hard,0.3103448275862069
1863,Robert S.,Clay,0.30952380952380953
1217,Kudla D.,Hard,0.3089430894308943
814,Golubev A.,Hard,0.3076923076923077
2132,Starace P.,Carpet,0.3076923076923077
1448,Mcdonald M.,Clay,0.3076923076923077
1499,Minar I.,Clay,0.3076923076923077
898,Haider-Maurer A.,Hard,0.3076923076923077
1432,Matosevic M.,Clay,0.3076923076923077
1495,Millot V.,Hard,0.3076923076923077
2037,Shang J.,Hard,0.3076923076923077
288,Bubka S.,Hard,0.3076923076923077
1170,Koubek S.,Grass,0.3076923076923077
356,Cervantes I.,Hard,0.3076923076923077
725,Galvani S.,Clay,0.3076923076923077
1054,Jonsson F.,Hard,0.3076923076923077
1966,Sanguinetti D.,Clay,0.3064516129032258
1259,Labadze I.,Hard,0.30612244897959184
1317,Lisnard J.R.,Clay,0.3055555555555556
2140,Stebe C.M.,Hard,0.3055555555555556
1533,Montanes A.,Hard,0.3050847457627119
1015,Ito T.,Hard,0.30357142857142855
1367,Mahut N.,Clay,0.30357142857142855
1926,Russell M.,Grass,0.30303030303030304
2055,Sijsling I.,Clay,0.30303030303030304
1353,Luczak P.,Hard,0.3018867924528302
1307,Levine J.,Hard,0.30158730158730157
854,Gross O.,Clay,0.3
1514,Mochizuki S.,Hard,0.3
1962,Sandgren T.,Clay,0.3
2016,Sekulov J.,Hard,0.3
621,Escobedo E.,Clay,0.3
259,Bracciali D.,Hard,0.3
2053,Siemerink J.,Grass,0.3
1309,Levy H.,Clay,0.3
2172,Sweeting R.,Grass,0.3
2430,Ymer E.,Clay,0.3
985,Huet S.,Clay,0.3
2505,van Scheppingen D.,Grass,0.3
286,Brzezicki J.P.,Clay,0.3
1572,Munoz-De La Nava D.,Hard,0.3
519,Devvarman S.,Grass,0.3
168,Bemelmans R.,Grass,0.3
1900,Rola B.,Hard,0.3
2272,Vahaly B.,Grass,0.3
280,Bruguera S.,Hard,0.3
979,Hrbaty D.,Grass,0.3
2471,Zib T.,Hard,0.2982456140350877
293,Burgsmuller L.,Clay,0.2978723404255319
64,Andujar P.,Hard,0.2972972972972973
339,Caruso S.,Clay,0.2962962962962963
2011,Schwank E.,Hard,0.2962962962962963
579,Dutra Silva R.,Clay,0.2962962962962963
1351,Luczak P.,Clay,0.2962962962962963
903,Halys Q.,Hard,0.29411764705882354
1850,Reynolds B.,Grass,0.29411764705882354
1571,Munoz-De La Nava D.,Clay,0.29411764705882354
1874,Rochus C.,Carpet,0.29411764705882354
879,Guzman J.P.,Clay,0.29411764705882354
2488,de Chaunac S.,Hard,0.29411764705882354
485,De Schepper K.,Hard,0.2926829268292683
2097,Soeda G.,Hard,0.2926829268292683
816,Gombos N.,Hard,0.2926829268292683
800,Gojowczyk P.,Clay,0.2916666666666667
609,Elsner D.,Clay,0.2916666666666667
192,Berrer M.,Grass,0.2916666666666667
527,Diaz J.,Clay,0.2916666666666667
1177,Krajan Z.,Clay,0.2916666666666667
70,Armando H.,Clay,0.2894736842105263
1781,Prinosil D.,Hard,0.2894736842105263
2106,Sousa P.,Clay,0.2857142857142857
763,Ghem A.,Clay,0.2857142857142857
757,Gaudio G.,Grass,0.2857142857142857
580,Dutra Silva R.,Hard,0.2857142857142857
2341,Vinciguerra A.,Grass,0.2857142857142857
2369,Wang J.,Hard,0.2857142857142857
930,Hemery C.,Clay,0.2857142857142857
430,Cowan B.,Hard,0.2857142857142857
2334,Vik R.,Hard,0.2857142857142857
1590,Nagal S.,Clay,0.2857142857142857
910,Hanfmann Y.,Hard,0.2857142857142857
2347,Viola M.,Hard,0.2857142857142857
2410,Witten J.,Hard,0.2857142857142857
59,Andreozzi G.,Clay,0.2857142857142857
2298,Vassallo-Arguello M.,Grass,0.2857142857142857
1070,Karanusic R.,Carpet,0.2857142857142857
2492,di Mauro A.,Clay,0.2857142857142857
1562,Muller A.,Hard,0.2857142857142857
897,Haider-Maurer A.,Grass,0.2857142857142857
1563,Muller G.,Carpet,0.2857142857142857
684,Fleishman Z.,Hard,0.2857142857142857
2050,Sidorenko A.,Clay,0.2857142857142857
2049,Shimabukuro S.,Hard,0.2857142857142857
1121,Klein B.,Hard,0.2857142857142857
972,Holt B.,Hard,0.2857142857142857
218,Bloomfield R.,Grass,0.2857142857142857
2239,Tseng C. H.,Hard,0.2857142857142857
2396,Wessels P.,Clay,0.2857142857142857
2264,Ullyett K.,Hard,0.2857142857142857
50,Andersen J.F.,Clay,0.2857142857142857
983,Huesler M.A.,Grass,0.2857142857142857
982,Huesler M.A.,Clay,0.2857142857142857
709,Furlan R.,Clay,0.2857142857142857
2074,Skugor F.,Clay,0.2857142857142857
1371,Majchrzak K.,Grass,0.2857142857142857
544,Dlouhy L.,Grass,0.2857142857142857
498,Delgado J.,Grass,0.2857142857142857
842,Grenier H.,Hard,0.2857142857142857
2476,Zopp J.,Hard,0.2857142857142857
309,Calleri A.,Grass,0.2857142857142857
1735,Peya A.,Hard,0.2857142857142857
840,Grenier H.,Clay,0.2857142857142857
267,Brooksby J.,Clay,0.2857142857142857
1836,Recouderc L.,Clay,0.2857142857142857
818,Gomez E.,Clay,0.2857142857142857
821,Gonzalez A.,Hard,0.2857142857142857
570,Duckworth J.,Clay,0.2857142857142857
1410,Marti Y.,Clay,0.2857142857142857
1386,Mantilla F.,Grass,0.2857142857142857
292,Burgsmuller L.,Carpet,0.2857142857142857
2469,Zib T.,Clay,0.2826086956521739
988,Humbert U.,Clay,0.28125
220,Bogdanovic A.,Grass,0.28125
1105,Kim A.,Hard,0.28
1032,Jaziri M.,Grass,0.28
201,Bjorkman J.,Clay,0.27906976744186046
2135,Starace P.,Hard,0.27848101265822783
901,Halys Q.,Clay,0.2777777777777778
2130,Stanoytchev O.,Clay,0.2777777777777778
2304,Veic A.,Clay,0.2777777777777778
1640,Novak D.,Clay,0.2777777777777778
1915,Rufin G.,Clay,0.2777777777777778
1231,Kunitsyn I.,Clay,0.27586206896551724
2381,Waske A.,Hard,0.27586206896551724
105,Bagnis F.,Hard,0.27586206896551724
1693,Parmar A.,Hard,0.2727272727272727
1393,Marchenko I.,Grass,0.2727272727272727
419,Corretja A.,Carpet,0.2727272727272727
2417,Woodbridge T.,Hard,0.2727272727272727
1733,Peya A.,Clay,0.2727272727272727
1189,Kratochvil M.,Carpet,0.2727272727272727
2305,Veic A.,Hard,0.2727272727272727
487,De Voest R.,Hard,0.2727272727272727
1674,Opelka R.,Grass,0.2727272727272727
1390,Marach O.,Hard,0.2727272727272727
1137,Koepfer D.,Grass,0.2727272727272727
658,Ferreira W.,Carpet,0.2727272727272727
1684,Ouanna J.,Hard,0.2727272727272727
1355,Luzzi F.,Hard,0.2727272727272727
2269,Vacek J.,Hard,0.2727272727272727
760,Gerasimov E.,Clay,0.2727272727272727
1059,Jung J.,Hard,0.2727272727272727
13,Agenor R.,Hard,0.2727272727272727
1687,Paes L.,Hard,0.2727272727272727
917,Harris L.,Clay,0.2727272727272727
497,Delbonis F.,Hard,0.2708333333333333
1851,Reynolds B.,Hard,0.2702702702702703
1956,Salzenstein J.,Hard,0.2692307692307692
2497,di Pasquale A.,Hard,0.2692307692307692
372,Chela J.I.,Grass,0.26666666666666666
499,Delgado J.,Hard,0.26666666666666666
1613,Nestor D.,Hard,0.26666666666666666
554,Donaldson J.,Clay,0.26666666666666666
2267,Vacek J.,Clay,0.26666666666666666
2328,Vicente F.,Grass,0.26666666666666666
2096,Soeda G.,Grass,0.26666666666666666
42,Alves T.,Hard,0.26666666666666666
2380,Waske A.,Grass,0.26666666666666666
1790,Puentes G.,Clay,0.26666666666666666
1060,Junqueira D.,Clay,0.2647058823529412
819,Gomez E.,Hard,0.2631578947368421
701,Fromberg R.,Clay,0.2631578947368421
517,Devilder N.,Hard,0.2631578947368421
2022,Seppi A.,Carpet,0.2631578947368421
1380,Mannarino A.,Clay,0.2625
1000,Ilhan M.,Hard,0.2619047619047619
2375,Ward J.,Grass,0.2619047619047619
1788,Przysiezny M.,Hard,0.2619047619047619
1993,Savolt A.,Hard,0.2608695652173913
188,Berlocq C.,Grass,0.2608695652173913
2266,Vacek D.,Hard,0.2608695652173913
713,Gabashvili T.,Grass,0.2608695652173913
820,Gonzalez A.,Clay,0.2608695652173913
1215,Kudla D.,Clay,0.2608695652173913
1265,Lajovic D.,Grass,0.2608695652173913
646,Fabbiano T.,Hard,0.26
778,Gimeno-Traver D.,Hard,0.25757575757575757
1752,Polansky P.,Hard,0.2564102564102564
109,Baker B.,Hard,0.2564102564102564
1118,Klahn B.,Hard,0.2558139534883721
1925,Russell M.,Clay,0.2553191489361702
1648,Novikov D.,Hard,0.25
1055,Jouan R.,Hard,0.25
2136,Statham J.,Hard,0.25
175,Berankis R.,Clay,0.25
2378,Waske A.,Carpet,0.25
752,Gaudenzi A.,Carpet,0.25
1378,Mamiit C.,Grass,0.25
1061,Junqueira D.,Hard,0.25
1023,Iwami T.,Hard,0.25
1764,Portas A.,Grass,0.25
2494,di Mauro A.,Hard,0.25
178,Berasategui A.,Clay,0.25
60,Andreozzi G.,Grass,0.25
506,Delic M.,Clay,0.25
1854,Riedi L.,Hard,0.25
341,Cazaux A.,Clay,0.25
677,Fischer M.,Grass,0.25
2408,Wilson B.,Hard,0.25
1111,King D.,Hard,0.25
504,Delic A.,Grass,0.25
524,Diallo G.,Hard,0.25
405,Cobolli F.,Hard,0.25
1480,Menendez-Maceiras A.,Grass,0.25
1891,Rodriguez M.,Hard,0.25
116,Balleret B.,Clay,0.25
1456,Medvedev A.,Grass,0.25
1093,Ketola T.,Grass,0.25
2161,Sugita Y.,Clay,0.25
1663,Okun N.,Carpet,0.25
2255,Uchida K.,Hard,0.25
284,Bryan M.,Grass,0.25
1653,O'Brien A.,Hard,0.25
450,Dancevic F.,Carpet,0.25
54,Andreev A.,Hard,0.25
632,Etcheverry T.,Grass,0.25
2191,Teixeira M.,Clay,0.25
630,Estrella Burgos V.,Hard,0.25
1537,Monteiro T.,Grass,0.25
2183,Taino E.,Clay,0.25
696,Friedl L.,Hard,0.25
1106,Kim K.,Carpet,0.25
1671,Olivo R.,Hard,0.25
1384,Mantilla F.,Carpet,0.25
1749,Pless K.,Grass,0.25
2187,Tarango J.,Grass,0.25
1546,Morrison J.,Clay,0.25
995,Huta Galung J.,Grass,0.25
16,Ajdukovic D.,Clay,0.25
1244,Kuznetsov Al.,Hard,0.25
2102,Sorensen L.,Hard,0.25
2409,Wiltschnig H.,Clay,0.25
1290,Ledovskikh M.,Hard,0.25
226,Bogomolov Jr.A.,Hard,0.25
2345,Vinck C.,Hard,0.25
727,Galvani S.,Hard,0.25
1198,Kroslak J.,Clay,0.25
1954,Salzenstein J.,Clay,0.25
2472,Zimonjic N.,Carpet,0.25
2467,Zhukayev B.,Hard,0.25
80,Ascione T.,Carpet,0.25
219,Boeker M.,Hard,0.25
1698,Passaro F.,Hard,0.25
512,Dent T.,Clay,0.25
954,Heuberger I.,Grass,0.25
1125,Klizan M.,Grass,0.25
83,Atmane T.,Hard,0.25
330,Carraz G.,Clay,0.25
559,Donskoy E.,Grass,0.25
736,Garcia-Lopez G.,Carpet,0.25
1467,Meligeni F.,Grass,0.25
1472,Melo D.,Clay,0.25
227,Bohli S.,Carpet,0.25
860,Guccione C.,Clay,0.25
1282,Larkham T.,Hard,0.25
1481,Menendez-Maceiras A.,Hard,0.25
1479,Menendez-Maceiras A.,Clay,0.25
1985,Sarkissian A.,Hard,0.25
1599,Napolitano S.,Clay,0.25
1236,Kutsenko V.,Hard,0.25
1256,Labadze I.,Carpet,0.25
1717,Peliwo F.,Hard,0.25
245,Bourgue M.,Clay,0.25
2352,Voinea A.,Carpet,0.25
355,Cervantes I.,Grass,0.25
1999,Schiessling T.,Clay,0.25
2000,Schnur B.,Hard,0.25
1225,Kukushkin M.,Carpet,0.25
1727,Petrovic D.,Grass,0.25
1223,Kuhn N.,Clay,0.25
913,Hantschk M.,Grass,0.25
1486,Mertinak M.,Clay,0.25
463,Dasnieres de Veigy J.,Clay,0.25
1030,Jasika O.,Hard,0.25
967,Hippensteel K.,Hard,0.25
1512,Mmoh M.,Grass,0.25
106,Bai Y.,Hard,0.25
2487,de Chaunac S.,Clay,0.25
1685,Oudsema S.,Hard,0.25
834,Gray A.,Grass,0.25
271,Brouwer G.,Grass,0.25
2224,Torpegaard M.,Hard,0.25
2084,Smyczek T.,Clay,0.25
836,Gremelmayr D.,Carpet,0.25
1152,Kondo H.,Hard,0.25
11,Agenor R.,Clay,0.25
1427,Masur D.,Clay,0.25
1622,Nikles J.,Clay,0.25
1830,Ramos-Vinolas A.,Grass,0.25
2277,Van Assche L.,Hard,0.25
1315,Lisnard J.,Hard,0.25
215,Blake T.,Hard,0.25
1303,Lestienne C.,Grass,0.25
1331,Londero J.I.,Grass,0.25
1510,Misolic F.,Hard,0.25
2296,Varlet J.,Clay,0.25
15,Ahouda A.,Clay,0.25
1159,Korolev E.,Carpet,0.25
1130,Knittel B.,Clay,0.25
2258,Udomchoke D.,Hard,0.24489795918367346
152,Becker B.,Clay,0.24444444444444444
754,Gaudenzi A.,Hard,0.24324324324324326
2265,Ungur A.,Clay,0.24
644,Fabbiano T.,Clay,0.24
283,Bryan B.,Hard,0.23809523809523808
998,Ilhan M.,Clay,0.23809523809523808
873,Gunneswaran P.,Hard,0.23809523809523808
1551,Motomura G.,Hard,0.23529411764705882
629,Estrella Burgos V.,Grass,0.23529411764705882
966,Hipfl M.,Hard,0.23529411764705882
2406,Williams R.,Hard,0.23529411764705882
1108,Kim K.,Grass,0.23529411764705882
730,Gambill J.M.,Clay,0.23333333333333334
1822,Ramanathan R.,Hard,0.23333333333333334
1922,Rusedski G.,Clay,0.23076923076923078
1022,Iwabuchi S.,Hard,0.23076923076923078
483,De Schepper K.,Clay,0.23076923076923078
1544,Moriya H.,Hard,0.23076923076923078
1004,Ilkel C.,Hard,0.23076923076923078
411,Coria F.,Hard,0.23076923076923078
1500,Minar I.,Grass,0.23076923076923078
971,Hoang A.,Hard,0.23076923076923078
2461,Zhang Z.,Hard,0.23076923076923078
344,Cecchinato M.,Hard,0.22807017543859648
44,Amritraj P.,Hard,0.22727272727272727
2503,van Lottum J.,Hard,0.22580645161290322
406,Copil M.,Clay,0.22580645161290322
2120,Srichaphan P.,Clay,0.225
437,Crivoi V.,Hard,0.2222222222222222
1377,Mamiit C.,Clay,0.2222222222222222
1610,Nedovyesov A.,Clay,0.2222222222222222
2238,Trungelliti M.,Hard,0.2222222222222222
318,Capdeville P.,Grass,0.2222222222222222
95,Bachinger M.,Grass,0.2222222222222222
1413,Martin A.,Grass,0.2222222222222222
2285,Van Rijthoven T.,Hard,0.2222222222222222
2240,Tseng C.H.,Hard,0.2222222222222222
1090,Kendrick R.,Grass,0.2222222222222222
1701,Patience O.,Hard,0.2222222222222222
1332,Londero J.I.,Hard,0.2222222222222222
2059,Silva J.,Clay,0.2222222222222222
1366,Mahut N.,Carpet,0.2222222222222222
1313,Lindell C.,Clay,0.2222222222222222
2018,Sela D.,Clay,0.2222222222222222
2168,Svajda Z.,Hard,0.2222222222222222
2450,Zapata Miralles B.,Hard,0.2222222222222222
1117,Klahn B.,Grass,0.2222222222222222
233,Bolt A.,Grass,0.2222222222222222
2043,Shelton B.,Clay,0.2222222222222222
2139,Stebe C.M.,Grass,0.2222222222222222
2131,Stanoytchev O.,Hard,0.2222222222222222
1504,Miranda I.,Hard,0.2222222222222222
2436,Young D.,Clay,0.21875
1765,Portas A.,Hard,0.21875
1642,Novak D.,Hard,0.21875
1604,Naso G.,Clay,0.21428571428571427
1755,Polmans M.,Hard,0.21428571428571427
323,Carballes Baena R.,Grass,0.21428571428571427
1760,Popyrin A.,Grass,0.21428571428571427
36,Altmaier D.,Hard,0.21212121212121213
545,Dlouhy L.,Hard,0.21052631578947367
176,Berankis R.,Grass,0.20833333333333334
1609,Navarro-Pastor I.,Hard,0.20833333333333334
1348,Lu Y.H.,Clay,0.20833333333333334
1961,Sanchez D.,Hard,0.20454545454545456
2066,Simoni A.,Grass,0.2
2071,Sirianni J.,Grass,0.2
608,Elseneer G.,Hard,0.2
2420,Woodruff C.,Clay,0.2
1937,Sa A.,Clay,0.2
1179,Krajicek A.,Grass,0.2
838,Gremelmayr D.,Grass,0.2
963,Hilton M.,Grass,0.2
1814,Rafter P.,Clay,0.2
558,Donskoy E.,Clay,0.2
2445,Zabaleta M.,Carpet,0.2
2466,Zhu B.Q.,Hard,0.2
1941,Sabau R.,Grass,0.2
2308,Vemic D.,Hard,0.2
426,Couacaud E.,Hard,0.2
525,Diaz Acosta F.,Clay,0.2
2473,Zimonjic N.,Clay,0.2
2,Abel M.,Hard,0.2
1800,Querrey S.,Carpet,0.2
1793,Puerta M.,Carpet,0.2
1988,Saulnier C.,Clay,0.2
1970,Santillan A.,Hard,0.2
1728,Petrovic D.,Hard,0.2
2426,Wu Y.,Grass,0.2
1711,Pavic M.,Clay,0.2
2343,Vinck C.,Clay,0.2
1710,Pavic A.,Hard,0.2
1202,Krueger M.,Grass,0.2
1734,Peya A.,Grass,0.2
217,Blanco G.,Hard,0.2
1805,Querry S.,Hard,0.2
2333,Vik R.,Grass,0.2
320,Caratti C.,Grass,0.2
1195,Kravchuk K.,Grass,0.2
221,Bogdanovic A.,Hard,0.2
2073,Skatov T.,Hard,0.2
1289,Ledovskikh M.,Grass,0.2
1498,Mina G.,Clay,0.2
1295,Lee M.,Clay,0.2
1308,Levy H.,Carpet,0.2
1792,Puentes G.,Hard,0.2
2147,Stoliarov A.,Carpet,0.2
382,Choinski J.,Grass,0.2
1112,King E.,Hard,0.2
1107,Kim K.,Clay,0.2
2262,Ulihrach B.,Grass,0.2
1899,Rola B.,Grass,0.2
1540,Moodie W.,Clay,0.2
1835,Rastogi K.,Hard,0.2
377,Chiudinelli M.,Carpet,0.2
2165,Sun P.,Hard,0.2
1774,Pozzi G.,Clay,0.2
2180,Tabilo A.,Grass,0.2
1113,King K.,Hard,0.2
1071,Karanusic R.,Clay,0.2
523,Di Pasquale A.,Hard,0.2
1062,Kachmazov A.,Hard,0.2
1057,Jun W.S.,Hard,0.2
2394,Weintraub A.,Hard,0.2
2382,Wassen R.,Clay,0.2
1762,Portas A.,Carpet,0.2
2209,Tieleman L.,Grass,0.2
135,Bastl G.,Grass,0.2
994,Huta Galung J.,Clay,0.2
2356,Volandri F.,Carpet,0.2
1910,Rubin N.,Clay,0.2
305,Calatrava A.,Grass,0.2
1520,Molleker R.,Grass,0.2
1827,Ramos A.,Grass,0.2
1767,Pospisil V.,Clay,0.2
2377,Washington M.,Hard,0.2
1392,Marchenko I.,Clay,0.2
1318,Lisnard J.R.,Grass,0.2
1583,Mutis O.,Hard,0.2
1119,Klec I.,Hard,0.2
1825,Ramirez-Hidalgo R.,Hard,0.19444444444444445
1344,Lorenzi P.,Grass,0.19230769230769232
1176,Kozlov S.,Hard,0.19047619047619047
604,Elias G.,Hard,0.1875
1133,Knowle J.,Hard,0.1875
1633,Norman D.,Hard,0.1875
1297,Lee M.,Hard,0.1875
1142,Kohlmann M.,Hard,0.1875
827,Gonzalez M.,Hard,0.1875
1631,Norman D.,Clay,0.1875
1756,Popp A.,Clay,0.18518518518518517
1238,Kuzmanov D.,Hard,0.18181818181818182
1051,Jones A.,Hard,0.18181818181818182
1568,Munar J.,Grass,0.18181818181818182
370,Chela J.I.,Carpet,0.18181818181818182
1131,Knowle J.,Clay,0.18181818181818182
343,Cecchinato M.,Grass,0.18181818181818182
1611,Nedovyesov A.,Hard,0.18181818181818182
735,Garcia A.,Hard,0.18181818181818182
900,Hajek J.,Hard,0.17777777777777778
1616,Niemeyer F.,Hard,0.17647058823529413
110,Baker J.,Grass,0.17647058823529413
2376,Ward J.,Hard,0.17647058823529413
1073,Karanusic R.,Hard,0.17391304347826086
14,Aguilar J.,Clay,0.16666666666666666
2458,Zeng S.X.,Hard,0.16666666666666666
2424,Wu T.L.,Hard,0.16666666666666666
2423,Wu D.,Hard,0.16666666666666666
17,Al Ghareeb M.,Hard,0.16666666666666666
2374,Ward J.,Clay,0.16666666666666666
790,Giustino L.,Clay,0.16666666666666666
1243,Kuznetsov Al.,Grass,0.16666666666666666
2027,Serdarusic N.,Clay,0.16666666666666666
2250,Tuksar S.,Clay,0.16666666666666666
1896,Roitman S.,Grass,0.16666666666666666
2226,Travaglia S.,Grass,0.16666666666666666
264,Brasington J.,Hard,0.16666666666666666
134,Bastl G.,Clay,0.16666666666666666
228,Bohli S.,Clay,0.16666666666666666
2208,Tieleman L.,Clay,0.16666666666666666
1052,Jones G.,Hard,0.16666666666666666
1411,Martin A.,Carpet,0.16666666666666666
1161,Korolev E.,Grass,0.16666666666666666
610,Elsner D.,Hard,0.16666666666666666
204,Black B.,Clay,0.16666666666666666
2114,Squillari F.,Carpet,0.16666666666666666
1120,Klein B.,Grass,0.16666666666666666
179,Berasategui A.,Hard,0.16666666666666666
1089,Kendrick R.,Clay,0.16666666666666666
170,Benchetrit E.,Clay,0.16666666666666666
528,Diaz J.,Hard,0.16666666666666666
326,Carlsen K.,Clay,0.16666666666666666
1786,Przysiezny M.,Clay,0.16666666666666666
1600,Nardi L.,Clay,0.16666666666666666
722,Galimberti G.,Hard,0.16666666666666666
941,Hernandez A.,Clay,0.16666666666666666
1601,Nardi L.,Hard,0.16666666666666666
1605,Nava E.,Hard,0.16666666666666666
394,Clarke J.,Grass,0.16666666666666666
1518,Moldovan I.,Clay,0.16666666666666666
953,Heuberger I.,Clay,0.16666666666666666
1511,Mmoh M.,Clay,0.16666666666666666
486,De Voest R.,Grass,0.16666666666666666
501,Delgado R.,Grass,0.16666666666666666
965,Hipfl M.,Grass,0.16666666666666666
974,Horansky F.,Clay,0.16666666666666666
1778,Prieto S.,Clay,0.16666666666666666
2164,Summerer T.,Clay,0.16666666666666666
2299,Vassallo-Arguello M.,Hard,0.16
1241,Kuznetsov A.,Hard,0.15789473684210525
240,Bopanna R.,Hard,0.15384615384615385
773,Gimelstob J.,Clay,0.15384615384615385
792,Godwin N.,Hard,0.15384615384615385
2452,Zeballos H.,Grass,0.15384615384615385
2358,Volandri F.,Grass,0.15384615384615385
1041,Johansson J.,Clay,0.15384615384615385
1082,Kavcic B.,Grass,0.15384615384615385
1039,Jenkins S.,Hard,0.15384615384615385
1853,Riba P.,Hard,0.15
303,Cakl T.,Hard,0.14285714285714285
90,Baccanello P.,Hard,0.14285714285714285
503,Delic A.,Clay,0.14285714285714285
2468,Zib T.,Carpet,0.14285714285714285
321,Caratti C.,Hard,0.14285714285714285
765,Giannessi A.,Hard,0.14285714285714285
1110,Kindlmann D.,Clay,0.14285714285714285
863,Guez D.,Hard,0.14285714285714285
1287,Lazarov A.,Hard,0.14285714285714285
2271,Vahaly B.,Clay,0.14285714285714285
529,Diez S.,Clay,0.14285714285714285
828,Gonzalez S.,Clay,0.14285714285714285
1942,Sabau R.,Hard,0.14285714285714285
1305,Levine J.,Clay,0.14285714285714285
1196,Kravchuk K.,Hard,0.14285714285714285
1723,Perez D.,Clay,0.14285714285714285
594,El Aarej M.,Clay,0.14285714285714285
1665,Okun N.,Grass,0.14285714285714285
927,Hartfield D.,Hard,0.14285714285714285
640,Evans B.,Hard,0.14285714285714285
409,Coppejans K.,Hard,0.14285714285714285
2182,Tahiri M.,Clay,0.14285714285714285
602,Elgin M.,Hard,0.14285714285714285
2107,Sousa P.,Hard,0.14285714285714285
63,Andujar P.,Grass,0.14285714285714285
368,Charpentier M.,Clay,0.14285714285714285
1053,Jonsson F.,Clay,0.14285714285714285
2199,Thomann N.,Clay,0.14285714285714285
454,Daniel M.,Grass,0.14285714285714285
2359,Volandri F.,Hard,0.12698412698412698
691,Fraile G.,Clay,0.125
431,Crabb J.,Hard,0.125
1347,Lu Y.,Hard,0.125
1342,Lopez-Moron A.,Clay,0.125
375,Childs L.,Grass,0.125
2326,Vicente F.,Carpet,0.125
1839,Rehnquist B.,Hard,0.125
1837,Recouderc L.,Hard,0.125
2288,Vanek J.,Grass,0.125
1817,Ram A.,Hard,0.125
392,Cipolla F.,Grass,0.125
1570,Munoz De La Nava D.,Clay,0.125
1178,Krajan Z.,Hard,0.125
2109,Souza J.,Hard,0.125
2095,Soeda G.,Clay,0.125
1312,Lindahl N.,Hard,0.125
1260,Lacko L.,Clay,0.125
1269,Lammer M.,Clay,0.125
2081,Smeets R.,Hard,0.125
771,Gil F.,Grass,0.125
2010,Schwank E.,Grass,0.125
254,Bozoljac I.,Hard,0.125
27,Aldi F.,Clay,0.125
946,Hernandez O.,Hard,0.12121212121212122
1876,Rochus C.,Grass,0.12
996,Huta Galung J.,Hard,0.11764705882352941
1897,Roitman S.,Hard,0.11764705882352941
186,Bergs Z.,Hard,0.1111111111111111
708,Fukarek O.,Hard,0.1111111111111111
1614,Nielsen M.,Hard,0.1111111111111111
1474,Melzer G.,Hard,0.1111111111111111
1470,Mello R.,Grass,0.1111111111111111
1114,King P.,Hard,0.1111111111111111
585,Ebden M.,Clay,0.1111111111111111
1751,Polansky P.,Clay,0.1111111111111111
987,Huet S.,Hard,0.1111111111111111
2429,Yani M.,Hard,0.1111111111111111
1408,Marti J.,Clay,0.1111111111111111
1398,Marin J.A.,Hard,0.1111111111111111
248,Boutter J.,Grass,0.1111111111111111
777,Gimeno-Traver D.,Grass,0.10526315789473684
2291,Vanni L.,Hard,0.1
1591,Nagal S.,Hard,0.1
1627,Nishioka Y.,Grass,0.1
1952,Safwat M.,Hard,0.1
40,Alves T.,Clay,0.1
2361,Voltchkov V.,Clay,0.1
222,Bogomolov A.,Clay,0.1
1129,Knippschild J.,Hard,0.1
509,Dellien H.,Hard,0.1
945,Hernandez O.,Grass,0.1
2311,Venus M.,Hard,0.1
893,Haehnel J.,Clay,0.1
1273,Lapentti G.,Clay,0.1
829,Goodall J.,Grass,0.09090909090909091
432,Cressy M.,Clay,0.09090909090909091
403,Clezar G.,Clay,0.09090909090909091
813,Golubev A.,Grass,0.09090909090909091
676,Fischer M.,Clay,0.09090909090909091
2462,Zhang Ze,Hard,0.09090909090909091
2188,Tarango J.,Hard,0.09090909090909091
148,Beck K.,Clay,0.09090909090909091
1360,Machado R.,Hard,0.09090909090909091
620,Eschauer W.,Hard,0.08333333333333333
2134,Starace P.,Grass,0.08333333333333333
2310,Ventura S.,Hard,0.08333333333333333
1737,Phau B.,Grass,0.07142857142857142
69,Arguello F.,Clay,0.0625
1784,Prodon E.,Clay,0.058823529411764705
2083,Smith J.P.,Hard,0.05555555555555555
455,Daniel M.,Hard,0.045454545454545456
